Price,Adj Close,Adj Close,Adj Close,Adj Close,Close,Close,Close,Close,High,High,High,High,Low,Low,Low,Low,Open,Open,Open,Open,Volume,Volume,Volume,Volume
Ticker,AAPL,HPQ,MELI,MSFT,AAPL,HPQ,MELI,MSFT,AAPL,HPQ,MELI,MSFT,AAPL,HPQ,MELI,MSFT,AAPL,HPQ,MELI,MSFT,AAPL,HPQ,MELI,MSFT
Date,,,,,,,,,,,,,,,,,,,,,,,,
2024-02-02,184.7408447265625,27.743511199951172,1772.9000244140625,408.1677551269531,185.85000610351562,28.68000030517578,1772.9000244140625,411.2200012207031,187.3300018310547,28.81999969482422,1783.510009765625,412.6499938964844,179.25,28.450000762939453,1726.3199462890625,403.55999755859375,179.86000061035156,28.770000457763672,1727.0799560546875,403.80999755859375,102518000,7193000,304900,28245000
2024-02-05,186.55990600585938,27.404937744140625,1774.75,402.6391296386719,187.67999267578125,28.329999923706055,1774.75,405.6499938964844,189.25,28.59000015258789,1778.969970703125,411.1600036621094,185.83999633789062,28.170000076293945,1752.06005859375,403.989990234375,188.14999389648438,28.56999969482422,1769.8199462890625,409.8999938964844,69668800,10526200,200400,25352300
2024-02-06,188.1702423095703,27.36624526977539,1710.3900146484375,402.48028564453125,189.3000030517578,28.290000915527344,1710.3900146484375,405.489990234375,189.30999755859375,28.549999237060547,1772.6099853515625,407.9700012207031,186.77000427246094,28.149999618530273,1676.010009765625,402.9100036621094,186.86000061035156,28.350000381469727,1770.0,405.8800048828125,43490800,7926000,704200,18382600
2024-02-07,188.27960205078125,27.0373477935791,1713.8699951171875,410.9767150878906,189.41000366210938,27.950000762939453,1713.8699951171875,414.04998779296875,191.0500030517578,28.25,1734.9200439453125,414.29998779296875,188.61000061035156,27.860000610351562,1704.3699951171875,407.3999938964844,190.63999938964844,28.25,1718.449951171875,407.44000244140625,53439000,7358000,442800,22340500
2024-02-08,187.19610595703125,27.36624526977539,1732.8299560546875,411.03631591796875,188.32000732421875,28.290000915527344,1732.8299560546875,414.1099853515625,189.5399932861328,28.299999237060547,1743.780029296875,415.55999755859375,187.35000610351562,27.93000030517578,1712.6500244140625,412.5299987792969,189.38999938964844,28.0,1729.3299560546875,414.04998779296875,40962000,4639200,297600,21225300
2024-02-09,187.96246337890625,27.492000579833984,1742.260009765625,417.4284973144531,188.85000610351562,28.420000076293945,1742.260009765625,420.54998779296875,189.99000549316406,28.520000457763672,1775.010009765625,420.82000732421875,188.0,28.190000534057617,1740.0999755859375,415.0899963378906,188.64999389648438,28.280000686645508,1757.510009765625,415.25,45155200,4852200,379800,22032800
2024-02-12,186.27044677734375,27.753183364868164,1733.22998046875,412.17779541015625,187.14999389648438,28.690000534057617,1733.22998046875,415.260009765625,188.6699981689453,28.799999237060547,1767.0,420.739990234375,186.7899932861328,28.389999389648438,1727.8299560546875,414.75,188.4199981689453,28.420000076293945,1740.1800537109375,420.55999755859375,41781900,4896400,242100,21202900
2024-02-13,184.1703643798828,27.221139907836914,1706.239990234375,403.30413818359375,185.0399932861328,28.139999389648438,1706.239990234375,406.32000732421875,186.2100067138672,28.399999618530273,1729.8800048828125,410.07000732421875,183.50999450683594,27.889999389648438,1669.010009765625,403.3900146484375,185.77000427246094,28.31999969482422,1682.219970703125,404.94000244140625,56529500,6505900,325100,27824900
2024-02-14,183.28456115722656,27.646774291992188,1746.3699951171875,407.2022399902344,184.14999389648438,28.579999923706055,1746.3699951171875,409.489990234375,185.52999877929688,29.079999923706055,1746.47998046875,409.8399963378906,182.44000244140625,28.34000015258789,1703.5,404.57000732421875,185.32000732421875,29.010000228881836,1721.719970703125,408.07000732421875,54630500,6547400,290500,20401200
2024-02-15,182.9959259033203,28.082082748413086,1771.8299560546875,404.2886047363281,183.86000061035156,29.030000686645508,1771.8299560546875,406.55999755859375,184.49000549316406,29.09000015258789,1773.02001953125,409.1300048828125,181.35000610351562,28.579999923706055,1742.3199462890625,404.2900085449219,183.5500030517578,28.579999923706055,1760.0,408.1400146484375,65434500,7071800,300300,21825500
2024-02-16,181.4532012939453,27.646774291992188,1768.780029296875,401.8025817871094,182.30999755859375,28.579999923706055,1768.780029296875,404.05999755859375,184.85000610351562,29.100000381469727,1792.5699462890625,408.2900085449219,181.6699981689453,28.530000686645508,1750.300048828125,403.44000244140625,183.4199981689453,28.989999771118164,1772.6600341796875,407.9599914550781,49701400,5681000,353900,22281100
2024-02-20,180.7067413330078,27.695140838623047,1740.010009765625,400.5396728515625,181.55999755859375,28.6299991607666,1740.010009765625,402.7900085449219,182.42999267578125,28.75,1768.780029296875,404.489990234375,180.0,28.34000015258789,1729.0,398.010009765625,181.7899932861328,28.3799991607666,1746.989990234375,403.239990234375,53665600,5677700,371900,24307900
2024-02-21,181.46316528320312,27.501672744750977,1737.77001953125,399.9330749511719,182.32000732421875,28.43000030517578,1737.77001953125,402.17999267578125,182.88999938964844,28.649999618530273,1752.6099853515625,402.2900085449219,180.66000366210938,28.260000228881836,1711.3499755859375,397.2200012207031,181.94000244140625,28.540000915527344,1740.2099609375,400.1700134277344,41529700,7580400,326400,18631100
2024-02-22,183.5035400390625,28.00469207763672,1817.97998046875,409.3501892089844,184.3699951171875,28.950000762939453,1817.97998046875,411.6499938964844,184.9600067138672,29.100000381469727,1825.0,412.8299865722656,182.4600067138672,28.489999771118164,1760.3499755859375,408.57000732421875,183.47999572753906,28.489999771118164,1767.6400146484375,410.19000244140625,52292200,6276200,711900,27009900
2024-02-23,181.6622314453125,28.314247131347656,1629.3199462890625,408.0475158691406,182.52000427246094,29.270000457763672,1629.3199462890625,410.3399963378906,185.0399932861328,29.329999923706055,1670.0,415.8599853515625,182.22999572753906,28.989999771118164,1577.0,408.9700012207031,185.00999450683594,29.1299991607666,1670.0,415.6700134277344,45119700,5547400,1858200,16295900
2024-02-26,180.30860900878906,27.859590530395508,1610.1300048828125,405.26312255859375,181.16000366210938,28.799999237060547,1610.1300048828125,407.5400085449219,182.75999450683594,29.489999771118164,1667.8499755859375,412.1600036621094,180.64999389648438,28.780000686645508,1600.449951171875,407.3599853515625,182.24000549316406,29.309999465942383,1625.010009765625,411.4599914550781,40867400,9431100,631600,16193500
2024-02-27,181.77171325683594,27.88861083984375,1607.43994140625,405.2034912109375,182.6300048828125,28.829999923706055,1607.43994140625,407.4800109863281,183.9199981689453,28.979999542236328,1630.550048828125,408.32000732421875,179.55999755859375,28.65999984741211,1590.1800537109375,403.8500061035156,181.10000610351562,28.959999084472656,1630.550048828125,407.989990234375,54318900,6683700,480500,14835800
2024-02-28,180.56739807128906,27.782203674316406,1579.489990234375,405.442138671875,181.4199981689453,28.719999313354492,1579.489990234375,407.7200012207031,183.1199951171875,29.09000015258789,1600.68994140625,409.29998779296875,180.1300048828125,28.68000030517578,1577.77001953125,405.32000732421875,182.50999450683594,28.719999313354492,1596.0,408.17999267578125,48953900,10811300,330200,13183100
2024-02-29,179.90054321289062,27.404937744140625,1595.300048828125,411.3291015625,180.75,28.329999923706055,1595.300048828125,413.6400146484375,182.57000732421875,29.06999969482422,1614.8499755859375,414.20001220703125,179.52999877929688,27.65999984741211,1584.1300048828125,405.9200134277344,181.27000427246094,27.860000610351562,1593.949951171875,408.6400146484375,136682600,22925500,519400,31947300
2024-03-01,178.815673828125,28.44967269897461,1612.75,413.17864990234375,179.66000366210938,29.40999984741211,1612.75,415.5,180.52999877929688,29.6299991607666,1614.9000244140625,415.8699951171875,177.3800048828125,28.889999389648438,1579.43994140625,410.8800048828125,179.5500030517578,29.0,1605.06005859375,411.2699890136719,73488000,13986500,378600,17800300
2024-03-04,174.277099609375,28.111101150512695,1560.0799560546875,412.6018981933594,175.10000610351562,29.059999465942383,1560.0799560546875,414.9200134277344,176.89999389648438,29.600000381469727,1612.3399658203125,417.3500061035156,173.7899932861328,28.989999771118164,1552.7900390625,412.32000732421875,176.14999389648438,29.350000381469727,1611.1099853515625,413.44000244140625,81510100,10322000,543500,17596000
2024-03-05,169.32049560546875,28.178813934326172,1527.2900390625,400.40045166015625,170.1199951171875,29.1299991607666,1527.2900390625,402.6499938964844,172.0399932861328,29.450000762939453,1562.199951171875,414.25,169.6199951171875,28.8700008392334,1508.1300048828125,400.6400146484375,170.75999450683594,28.979999542236328,1550.0,413.9599914550781,95132400,10274400,481100,26919200
2024-03-06,168.32518005371094,29.242897033691406,1525.5899658203125,399.84356689453125,169.1199951171875,30.229999542236328,1525.5899658203125,402.0899963378906,171.24000549316406,30.5,1557.1500244140625,405.1600036621094,168.67999267578125,29.40999984741211,1504.219970703125,398.3900146484375,171.05999755859375,29.479999542236328,1550.75,402.9700012207031,68587700,14188000,672500,22344100
2024-03-07,168.20574951171875,29.56212043762207,1529.93994140625,406.85418701171875,169.0,30.559999465942383,1529.93994140625,409.1400146484375,170.72999572753906,30.950000762939453,1543.0,409.7799987792969,168.49000549316406,30.149999618530273,1510.0,402.239990234375,169.14999389648438,30.360000610351562,1541.4300537109375,406.1199951171875,71765100,14006800,348800,18718500
2024-03-08,169.92762756347656,29.736242294311523,1512.5,403.95050048828125,170.72999572753906,30.739999771118164,1512.5,406.2200012207031,173.6999969482422,31.049999237060547,1552.989990234375,410.4200134277344,168.94000244140625,30.549999237060547,1511.510009765625,404.3299865722656,169.0,30.739999771118164,1528.0,407.9599914550781,76114600,11434200,378400,17971700
2024-03-11,171.93814086914062,29.852327346801758,1547.3199462890625,402.260009765625,172.75,30.860000610351562,1547.3199462890625,404.5199890136719,174.3800048828125,30.93000030517578,1550.5899658203125,405.67999267578125,172.0500030517578,30.389999389648438,1516.02001953125,401.260009765625,172.94000244140625,30.610000610351562,1525.6500244140625,403.760009765625,60139500,7029000,385700,16120800
2024-03-12,172.41587829589844,29.770336151123047,1545.56005859375,412.9598693847656,173.22999572753906,30.5,1545.56005859375,415.2799987792969,174.02999877929688,30.790000915527344,1575.0,415.57000732421875,171.00999450683594,30.190000534057617,1530.449951171875,406.7900085449219,173.14999389648438,30.610000610351562,1553.1099853515625,407.6199951171875,59825400,13376800,314500,22457000
2024-03-13,170.3257598876953,30.014352798461914,1550.6199951171875,412.7809143066406,171.1300048828125,30.75,1550.6199951171875,415.1000061035156,173.19000244140625,30.950000762939453,1558.760009765625,418.17999267578125,170.75999450683594,30.299999237060547,1529.9599609375,411.45001220703125,172.77000427246094,30.5,1546.0,418.1000061035156,52488700,8006400,300700,17115900
2024-03-14,172.1869659423828,29.877702713012695,1561.27001953125,422.8443603515625,173.0,30.610000610351562,1561.27001953125,425.2200012207031,174.30999755859375,30.920000076293945,1583.489990234375,427.82000732421875,172.0500030517578,30.360000610351562,1547.449951171875,417.989990234375,172.91000366210938,30.799999237060547,1555.6600341796875,420.239990234375,72913500,9767200,333000,34157300
2024-03-15,171.80873107910156,29.692251205444336,1499.510009765625,414.0935363769531,172.6199951171875,30.420000076293945,1499.510009765625,416.4200134277344,172.6199951171875,30.959999084472656,1567.5,422.6000061035156,170.2899932861328,30.399999618530273,1496.4100341796875,412.7900085449219,171.1699981689453,30.450000762939453,1560.2099609375,419.2900085449219,121664700,15269700,631400,45049800
2024-03-18,172.90357971191406,29.223731994628906,1509.050048828125,414.9884948730469,173.72000122070312,29.940000534057617,1509.050048828125,417.32000732421875,177.7100067138672,30.469999313354492,1529.6099853515625,420.7300109863281,173.52000427246094,29.610000610351562,1500.7900390625,413.7799987792969,175.57000732421875,30.389999389648438,1524.81005859375,414.25,75604200,9223700,300900,20106000
2024-03-19,175.2524871826172,29.106603622436523,1519.43994140625,419.0556335449219,176.0800018310547,29.81999969482422,1519.43994140625,421.4100036621094,176.61000061035156,29.889999389648438,1523.449951171875,421.6700134277344,173.02999877929688,29.5,1480.0400390625,415.54998779296875,174.33999633789062,29.809999465942383,1502.760009765625,417.8299865722656,55215200,6113600,296000,19837900
2024-03-20,177.83030700683594,28.969951629638672,1528.8399658203125,422.85430908203125,178.6699981689453,29.68000030517578,1528.8399658203125,425.2300109863281,178.6699981689453,29.770000457763672,1534.260009765625,425.9599914550781,175.08999633789062,29.329999923706055,1495.6500244140625,420.6600036621094,175.72000122070312,29.700000762939453,1524.3199462890625,422.0,53423100,5292800,324500,17860100
2024-03-21,170.56460571289062,29.360383987426758,1555.68994140625,426.9711608886719,171.3699951171875,30.079999923706055,1555.68994140625,429.3699951171875,177.49000549316406,30.389999389648438,1581.0,430.82000732421875,170.83999633789062,29.700000762939453,1538.0699462890625,427.1600036621094,177.0500030517578,29.850000381469727,1538.0699462890625,429.8299865722656,106181300,6699300,497900,21296200
2024-03-22,171.47035217285156,29.331100463867188,1571.989990234375,426.34466552734375,172.27999877929688,30.049999237060547,1571.989990234375,428.739990234375,173.0500030517578,30.239999771118164,1577.010009765625,429.8599853515625,170.05999755859375,29.950000762939453,1537.8599853515625,426.07000732421875,171.75999450683594,30.110000610351562,1557.300048828125,429.70001220703125,71106600,4796500,266400,17636500
2024-03-25,170.0470733642578,29.16516876220703,1550.0699462890625,420.4975280761719,170.85000610351562,29.8799991607666,1550.0699462890625,422.8599853515625,171.94000244140625,30.059999465942383,1569.9100341796875,427.4100036621094,169.4499969482422,29.809999465942383,1533.780029296875,421.6099853515625,170.57000732421875,29.889999389648438,1568.050048828125,425.239990234375,54288300,6904700,269100,18060500
2024-03-26,168.9124298095703,29.272537231445312,1537.4599609375,419.2942810058594,169.7100067138672,29.989999771118164,1537.4599609375,421.6499938964844,171.4199981689453,30.139999389648438,1564.0,425.989990234375,169.5800018310547,29.979999542236328,1532.6800537109375,421.3500061035156,170.0,30.049999237060547,1558.010009765625,425.6099853515625,57388400,6167100,327500,16725600
2024-03-27,172.49551391601562,29.39942741394043,1522.6500244140625,419.0755310058594,173.30999755859375,30.1200008392334,1522.6500244140625,421.42999267578125,173.60000610351562,30.200000762939453,1552.800048828125,424.45001220703125,170.11000061035156,29.729999542236328,1503.050048828125,419.010009765625,170.41000366210938,30.190000534057617,1552.800048828125,424.44000244140625,60273300,6440800,288400,16705000
2024-03-28,170.67410278320312,29.497034072875977,1511.9599609375,418.3694763183594,171.47999572753906,30.219999313354492,1511.9599609375,420.7200012207031,172.22999572753906,30.3700008392334,1534.1400146484375,421.8699951171875,170.50999450683594,30.030000686645508,1509.3399658203125,419.1199951171875,171.75,30.1200008392334,1522.6500244140625,420.9599914550781,65672700,5954100,261900,21871200
2024-04-01,169.2309112548828,29.65320587158203,1528.949951171875,422.1979675292969,170.02999877929688,30.3799991607666,1528.949951171875,424.57000732421875,171.25,30.559999465942383,1540.97998046875,427.8900146484375,169.47999572753906,30.219999313354492,1518.760009765625,422.2200012207031,171.19000244140625,30.25,1527.25,423.95001220703125,46240500,6811800,326700,16316000
2024-04-02,168.04649353027344,28.85282325744629,1512.510009765625,419.0854797363281,168.83999633789062,29.559999465942383,1512.510009765625,421.44000244140625,169.33999633789062,30.350000381469727,1516.3199462890625,422.3800048828125,168.22999572753906,29.540000915527344,1490.0999755859375,417.8399963378906,169.0800018310547,30.15999984741211,1504.2099609375,420.1099853515625,49329500,6127600,228100,17912000
2024-04-03,168.85269165039062,28.95043182373047,1504.97998046875,418.10101318359375,169.64999389648438,29.65999984741211,1504.97998046875,420.45001220703125,170.67999267578125,30.09000015258789,1521.1500244140625,423.260009765625,168.5800018310547,29.420000076293945,1492.300048828125,419.0899963378906,168.7899932861328,29.469999313354492,1500.199951171875,419.7300109863281,47691700,6862800,205700,16502300
2024-04-04,168.026611328125,28.930908203125,1487.81005859375,415.54534912109375,168.82000732421875,29.639999389648438,1487.81005859375,417.8800048828125,171.9199981689453,30.399999618530273,1531.1500244140625,428.6700134277344,168.82000732421875,29.59000015258789,1486.5400390625,417.57000732421875,170.2899932861328,30.049999237060547,1524.1199951171875,424.989990234375,53704400,5401900,252000,19370900
2024-04-05,168.78302001953125,28.413591384887695,1501.719970703125,423.1426696777344,169.5800018310547,29.110000610351562,1501.719970703125,425.5199890136719,170.38999938964844,29.600000381469727,1507.0,426.510009765625,168.9499969482422,29.049999237060547,1486.030029296875,418.32000732421875,169.58999633789062,29.530000686645508,1495.1300048828125,420.010009765625,42055200,5160200,291700,16544300
2024-04-08,167.65834045410156,28.608802795410156,1488.5799560546875,422.2178649902344,168.4499969482422,29.309999465942383,1488.5799560546875,424.5899963378906,169.1999969482422,29.43000030517578,1513.97998046875,427.2799987792969,168.24000549316406,29.1200008392334,1488.0,423.29998779296875,169.02999877929688,29.280000686645508,1513.25,425.1700134277344,37425500,5210300,230600,14272400
2024-04-09,168.87261962890625,29.253013610839844,1495.010009765625,423.8984375,169.6699981689453,29.969999313354492,1495.010009765625,426.2799987792969,170.0800018310547,29.979999542236328,1503.0,427.739990234375,168.35000610351562,29.3700008392334,1478.6199951171875,421.6199951171875,168.6999969482422,29.440000534057617,1492.3699951171875,426.44000244140625,42451200,6593700,255300,12512300
2024-04-10,166.9915008544922,28.257417678833008,1478.0,420.89532470703125,167.77999877929688,28.950000762939453,1478.0,423.260009765625,169.08999633789062,29.850000381469727,1491.8599853515625,424.0299987792969,167.11000061035156,28.920000076293945,1463.489990234375,419.70001220703125,168.8000030517578,29.5,1474.8499755859375,422.19000244140625,49709300,6664800,251600,16216600
2024-04-11,174.2173614501953,28.530719757080078,1507.56005859375,425.5392150878906,175.0399932861328,29.229999542236328,1507.56005859375,427.92999267578125,175.4600067138672,29.280000686645508,1509.02001953125,429.3699951171875,168.16000366210938,28.68000030517578,1479.0,422.3599853515625,168.33999633789062,29.059999465942383,1486.0,425.82000732421875,91070300,5519900,286800,17966400
2024-04-12,175.7202911376953,27.84746551513672,1444.1400146484375,419.54290771484375,176.5500030517578,28.530000686645508,1444.1400146484375,421.8999938964844,178.36000061035156,29.18000030517578,1517.1400146484375,425.17999267578125,174.2100067138672,28.360000610351562,1442.8900146484375,419.7699890136719,174.25999450683594,28.989999771118164,1495.18994140625,424.04998779296875,101593300,7626000,537400,19232100
2024-04-15,171.87840270996094,27.291099548339844,1415.8800048828125,411.3291015625,172.69000244140625,27.959999084472656,1415.8800048828125,413.6400146484375,176.6300048828125,28.899999618530273,1495.300048828125,426.82000732421875,172.5,27.90999984741211,1400.8299560546875,413.42999267578125,175.36000061035156,28.770000457763672,1466.3900146484375,426.6000061035156,73531800,6224200,627100,20273500
2024-04-16,168.58399963378906,27.125167846679688,1397.8800048828125,412.2637634277344,169.3800048828125,27.790000915527344,1397.8800048828125,414.5799865722656,173.75999450683594,28.040000915527344,1419.8499755859375,418.3999938964844,168.27000427246094,27.549999237060547,1396.68994140625,413.7300109863281,171.75,27.979999542236328,1418.0,414.57000732421875,73711200,7086600,364700,16765600
2024-04-17,167.21046447753906,27.02756118774414,1397.8599853515625,409.5390625,168.0,27.690000534057617,1397.8599853515625,411.8399963378906,170.64999389648438,28.209999084472656,1414.18994140625,418.8800048828125,168.0,27.6299991607666,1389.0,410.3299865722656,169.61000061035156,27.950000762939453,1404.4000244140625,417.25,50901200,6144100,448600,15855500
2024-04-18,166.2549591064453,26.95923614501953,1370.25,402.0113830566406,167.0399932861328,27.6200008392334,1370.25,404.2699890136719,168.63999938964844,28.020000457763672,1398.8900146484375,411.8900146484375,166.5500030517578,27.510000228881836,1366.9300537109375,403.95001220703125,168.02999877929688,27.690000534057617,1388.949951171875,410.6300048828125,43122900,4525400,391400,21029900
2024-04-19,164.2245635986328,27.144689559936523,1356.4300537109375,396.8901672363281,165.0,27.809999465942383,1356.4300537109375,399.1199951171875,166.39999389648438,27.940000534057617,1379.1300048828125,405.4800109863281,164.0800018310547,27.56999969482422,1344.31005859375,397.7699890136719,166.2100067138672,27.65999984741211,1379.1300048828125,404.0299987792969,67772100,4768900,352700,30276500
2024-04-22,165.06060791015625,27.037322998046875,1368.22998046875,398.71990966796875,165.83999633789062,27.700000762939453,1368.22998046875,400.9599914550781,167.25999450683594,28.100000381469727,1370.3399658203125,402.8500061035156,164.77000427246094,27.5,1324.989990234375,395.75,165.52000427246094,28.0,1364.219970703125,400.0799865722656,48116400,5156300,389300,20286900
2024-04-23,166.11563110351562,27.008039474487305,1395.0,405.29296875,166.89999389648438,27.670000076293945,1395.0,407.57000732421875,167.0500030517578,27.850000381469727,1408.1800537109375,408.20001220703125,164.9199981689453,27.579999923706055,1367.280029296875,403.05999755859375,165.35000610351562,27.690000534057617,1390.0,404.239990234375,49537800,6116200,418100,15734500
2024-04-24,168.22567749023438,27.427751541137695,1370.0,406.7746276855469,169.02000427246094,28.100000381469727,1370.0,409.05999755859375,169.3000030517578,28.59000015258789,1399.699951171875,412.4700012207031,166.2100067138672,27.43000030517578,1360.0,406.7799987792969,166.5399932861328,27.809999465942383,1384.8699951171875,409.55999755859375,48251800,14491900,301300,15065300
2024-04-25,169.09158325195312,27.45703125,1363.8299560546875,396.8106384277344,169.88999938964844,28.1299991607666,1363.8299560546875,399.0400085449219,170.61000061035156,28.299999237060547,1369.0799560546875,399.8900146484375,168.14999389648438,27.760000228881836,1341.0,388.0299987792969,169.52999877929688,27.969999313354492,1350.0,394.0299987792969,50558300,5032700,211300,40586500
2024-04-26,168.5043487548828,27.33014678955078,1406.0,404.0499572753906,169.3000030517578,28.0,1406.0,406.32000732421875,171.33999633789062,28.389999389648438,1416.760009765625,413.0,169.17999267578125,27.959999084472656,1376.68994140625,405.760009765625,169.8800048828125,28.1299991607666,1380.0,412.1700134277344,44838400,5356200,443300,29694700
2024-04-29,172.68460083007812,27.59368324279785,1438.3599853515625,400.002685546875,173.5,28.270000457763672,1438.3599853515625,402.25,176.02999877929688,28.450000762939453,1446.43994140625,406.32000732421875,173.10000610351562,28.1200008392334,1419.8599853515625,399.19000244140625,173.3699951171875,28.1200008392334,1430.0,405.25,68169400,5676400,334300,19582100
2024-04-30,169.5294952392578,27.41798973083496,1458.699951171875,387.15484619140625,170.3300018310547,28.09000015258789,1458.699951171875,389.3299865722656,174.99000549316406,28.440000534057617,1485.239990234375,402.1600036621094,170.0,28.030000686645508,1433.02001953125,389.1700134277344,173.3300018310547,28.049999237060547,1438.3599853515625,401.489990234375,65934800,5557700,548000,28781400
2024-05-01,168.5043487548828,27.086124420166016,1456.510009765625,392.7335510253906,169.3000030517578,27.75,1456.510009765625,394.94000244140625,172.7100067138672,28.079999923706055,1483.6300048828125,401.7200012207031,169.11000061035156,27.610000610351562,1427.949951171875,390.30999755859375,169.5800018310547,28.0,1446.3699951171875,392.6099853515625,50383100,6137200,526300,23562500
2024-05-02,172.21682739257812,27.271581649780273,1505.989990234375,395.6173095703125,173.02999877929688,27.940000534057617,1505.989990234375,397.8399963378906,173.4199981689453,28.030000686645508,1506.25,399.92999267578125,170.88999938964844,27.520000457763672,1444.0999755859375,394.6499938964844,172.50999450683594,27.979999542236328,1463.3800048828125,397.6600036621094,94214900,4828600,696000,17709400
2024-05-03,182.51817321777344,27.505836486816406,1630.56005859375,404.3880310058594,183.3800048828125,28.18000030517578,1630.56005859375,406.6600036621094,187.0,28.5,1680.0,407.1499938964844,182.66000366210938,28.010000228881836,1617.0,401.8599853515625,186.64999389648438,28.280000686645508,1620.0,402.2799987792969,163224100,6648300,1346800,17446700
2024-05-06,180.8560333251953,27.740097045898438,1653.8499755859375,411.2295837402344,181.7100067138672,28.420000076293945,1653.8499755859375,413.5400085449219,184.1999969482422,28.440000534057617,1694.0400390625,413.92999267578125,180.4199981689453,28.219999313354492,1633.3199462890625,406.3699951171875,182.35000610351562,28.329999923706055,1642.2099609375,408.760009765625,78569700,4354600,601900,16996600
2024-05-07,181.5427703857422,27.730335235595703,1688.68994140625,407.0530700683594,182.39999389648438,28.40999984741211,1688.68994140625,409.3399963378906,184.89999389648438,28.799999237060547,1702.68994140625,414.6700134277344,181.32000732421875,28.25,1640.22998046875,409.0899963378906,183.4499969482422,28.56999969482422,1652.93994140625,414.6600036621094,77305800,3953100,497000,20018200
2024-05-08,181.88119506835938,28.735694885253906,1716.780029296875,408.2463684082031,182.74000549316406,29.440000534057617,1716.780029296875,410.5400085449219,183.07000732421875,29.579999923706055,1731.3800048828125,412.2300109863281,181.4499969482422,28.3799991607666,1663.3699951171875,406.7099914550781,182.85000610351562,28.3799991607666,1665.0,408.1700134277344,45057100,8796700,485300,11792300
2024-05-09,183.7025909423828,28.940670013427734,1695.4000244140625,410.01641845703125,184.57000732421875,29.649999618530273,1695.4000244140625,412.32000732421875,184.66000366210938,29.68000030517578,1718.0,412.7200012207031,182.11000061035156,29.329999923706055,1685.0,409.1000061035156,182.55999755859375,29.389999389648438,1718.0,410.57000732421875,48983000,6431700,473900,14689700
2024-05-10,182.43685913085938,29.008995056152344,1693.969970703125,412.42291259765625,183.0500030517578,29.719999313354492,1693.969970703125,414.739990234375,185.08999633789062,29.8799991607666,1710.6400146484375,415.3800048828125,182.1300048828125,29.6200008392334,1681.5400390625,411.79998779296875,184.89999389648438,29.84000015258789,1700.0,412.94000244140625,50759500,4973200,230100,13402300
2024-05-13,185.65602111816406,29.223731994628906,1677.3399658203125,411.4085998535156,186.27999877929688,29.940000534057617,1677.3399658203125,413.7200012207031,187.10000610351562,30.229999542236328,1710.0,418.3500061035156,184.6199951171875,29.809999465942383,1671.0,410.82000732421875,185.44000244140625,29.84000015258789,1710.0,418.010009765625,72044800,5568300,247900,15440200
2024-05-14,186.80215454101562,30.02411460876465,1683.9100341796875,414.23272705078125,187.42999267578125,30.760000228881836,1683.9100341796875,416.55999755859375,188.3000030517578,30.920000076293945,1706.0,417.489990234375,186.2899932861328,30.020000457763672,1655.949951171875,411.54998779296875,187.50999450683594,30.139999389648438,1670.010009765625,412.0199890136719,52393600,8018200,323000,15109300
2024-05-15,189.0845184326172,30.60976219177246,1718.5,421.47515869140625,189.72000122070312,31.360000610351562,1718.5,423.0799865722656,190.64999389648438,31.399999618530273,1730.5,423.80999755859375,187.3699951171875,30.989999771118164,1682.9000244140625,417.2699890136719,187.91000366210938,31.0,1703.219970703125,417.8999938964844,70400000,6480600,254200,22239500
2024-05-16,189.2041015625,30.326698303222656,1739.1500244140625,419.39306640625,189.83999633789062,31.06999969482422,1739.1500244140625,420.989990234375,191.10000610351562,31.350000381469727,1752.1700439453125,425.4200134277344,189.66000366210938,31.0,1721.010009765625,420.3500061035156,190.47000122070312,31.260000228881836,1728.0,421.79998779296875,52845200,5737500,338600,17530100
2024-05-17,189.23399353027344,30.443828582763672,1749.1700439453125,418.61602783203125,189.8699951171875,31.190000534057617,1749.1700439453125,420.2099914550781,190.80999755859375,31.280000686645508,1750.510009765625,422.9200134277344,189.17999267578125,31.010000228881836,1726.0799560546875,418.0299987792969,189.50999450683594,31.229999542236328,1734.030029296875,422.5400085449219,41282900,4618200,274900,15352200
2024-05-20,190.40008544921875,31.05875587463379,1787.72998046875,423.7265930175781,191.0399932861328,31.81999969482422,1787.72998046875,425.3399963378906,191.9199981689453,31.93000030517578,1792.050048828125,426.7699890136719,189.00999450683594,31.260000228881836,1742.47998046875,419.989990234375,189.3300018310547,31.3799991607666,1749.1700439453125,420.2099914550781,44361300,5591000,313300,16272100
2024-05-21,191.70570373535156,31.90793800354004,1772.0699462890625,427.41253662109375,192.35000610351562,32.689998626708984,1772.0699462890625,429.0400085449219,192.72999572753906,32.849998474121094,1779.800048828125,432.9700012207031,190.9199981689453,31.889999389648438,1758.27001953125,424.8500061035156,191.08999633789062,31.950000762939453,1773.0,426.8299865722656,42309400,8201400,278500,21453300
2024-05-22,190.2605438232422,32.22028732299805,1736.780029296875,428.8869323730469,190.89999389648438,33.0099983215332,1736.780029296875,430.5199890136719,192.82000732421875,33.27000045776367,1772.800048828125,432.4100036621094,190.27000427246094,32.75,1722.3599853515625,427.1300048828125,192.27000427246094,32.7599983215332,1772.800048828125,430.0899963378906,34648500,7717600,341300,18073700
2024-05-23,186.2540283203125,31.868900299072266,1707.4000244140625,425.3802795410156,186.8800048828125,32.650001525878906,1707.4000244140625,427.0,191.0,33.380001068115234,1749.3399658203125,433.6000061035156,186.6300048828125,32.59000015258789,1698.2099609375,425.4200134277344,190.97999572753906,33.18000030517578,1749.3399658203125,432.9700012207031,51005900,6822700,368400,17211700
2024-05-24,189.3436279296875,31.966506958007812,1693.5699462890625,428.5283203125,189.97999572753906,32.75,1693.5699462890625,430.1600036621094,190.5800018310547,32.91999816894531,1715.68994140625,431.05999755859375,188.0399932861328,32.529998779296875,1671.219970703125,424.4100036621094,188.82000732421875,32.779998779296875,1682.97998046875,427.19000244140625,36294600,6501900,375400,11845800
2024-05-28,189.3535919189453,32.3471794128418,1708.0,428.6877136230469,189.99000549316406,33.13999938964844,1708.0,430.32000732421875,193.0,33.45000076293945,1708.550048828125,430.82000732421875,189.10000610351562,32.849998474121094,1680.050048828125,426.6000061035156,191.50999450683594,32.88999938964844,1693.5699462890625,429.6300048828125,52280100,8019500,254700,15718000
2024-05-29,189.65260314941406,32.01531219482422,1709.8599853515625,427.5420837402344,190.2899932861328,32.79999923706055,1709.8599853515625,429.1700134277344,192.25,33.33000183105469,1733.0,430.94000244140625,189.50999450683594,32.40999984741211,1689.6600341796875,425.69000244140625,189.61000061035156,32.779998779296875,1690.0,425.69000244140625,53068000,12481300,270300,15517100
2024-05-30,190.6492462158203,37.442298889160156,1699.949951171875,413.0970764160156,191.2899932861328,38.36000061035156,1699.949951171875,414.6700134277344,192.17999267578125,39.52000045776367,1744.530029296875,424.29998779296875,190.6300048828125,34.400001525878906,1696.6800537109375,414.239990234375,190.75999450683594,34.400001525878906,1701.31005859375,424.29998779296875,49947900,38267200,341300,28424800
2024-05-31,191.6060333251953,35.626792907714844,1725.5799560546875,413.5553283691406,192.25,36.5,1725.5799560546875,415.1300048828125,192.57000732421875,37.619998931884766,1732.0,416.75,189.91000366210938,34.90999984741211,1689.7900390625,404.510009765625,191.44000244140625,37.59000015258789,1699.949951171875,416.75,75158300,29952100,456200,47995300
2024-06-03,193.38006591796875,34.47502517700195,1693.1400146484375,411.951416015625,194.02999877929688,35.31999969482422,1693.1400146484375,413.5199890136719,194.99000549316406,36.75,1723.280029296875,416.42999267578125,192.52000427246094,34.84000015258789,1679.0,408.9200134277344,192.89999389648438,36.5,1718.050048828125,415.5299987792969,50080500,12390700,300400,17484700
2024-06-04,193.69898986816406,34.504302978515625,1630.6500244140625,414.49176025390625,194.35000610351562,35.349998474121094,1630.6500244140625,416.07000732421875,195.32000732421875,35.880001068115234,1694.989990234375,416.44000244140625,193.02999877929688,35.15999984741211,1618.0,409.67999267578125,194.63999938964844,35.209999084472656,1684.0,412.42999267578125,47471400,9633600,380400,14348900
2024-06-05,195.21389770507812,34.77760696411133,1604.9000244140625,422.4016418457031,195.8699951171875,35.630001068115234,1604.9000244140625,424.010009765625,196.89999389648438,36.029998779296875,1641.9000244140625,424.0799865722656,194.8699951171875,35.2400016784668,1601.510009765625,416.29998779296875,195.39999389648438,35.7599983215332,1631.0,417.80999755859375,54156800,8143800,447200,16988000
2024-06-06,193.82855224609375,35.314449310302734,1621.0899658203125,422.90966796875,194.47999572753906,36.18000030517578,1621.0899658203125,424.5199890136719,196.5,36.5,1628.5999755859375,425.30999755859375,194.1699981689453,35.58000183105469,1604.949951171875,420.5799865722656,195.69000244140625,35.630001068115234,1604.949951171875,424.010009765625,41181800,9319500,366600,14861300
2024-06-07,196.23048400878906,35.5779914855957,1600.1600341796875,422.24224853515625,196.88999938964844,36.45000076293945,1600.1600341796875,423.8500061035156,196.94000244140625,36.790000915527344,1622.9599609375,426.2799987792969,194.13999938964844,36.040000915527344,1593.0899658203125,423.0,194.64999389648438,36.09000015258789,1622.6099853515625,426.20001220703125,53103900,8718800,292700,13621700
2024-06-10,192.4730987548828,35.314449310302734,1601.8800048828125,426.2469787597656,193.1199951171875,36.18000030517578,1601.8800048828125,427.8699951171875,197.3000030517578,36.349998474121094,1614.1400146484375,428.0799865722656,192.14999389648438,35.4900016784668,1583.6700439453125,423.8900146484375,196.89999389648438,36.29999923706055,1589.47998046875,424.70001220703125,97262100,8796500,181400,14003000
2024-06-11,206.45611572265625,35.45109939575195,1580.0,431.0387268066406,207.14999389648438,36.31999969482422,1580.0,432.67999267578125,207.16000366210938,36.470001220703125,1601.449951171875,432.82000732421875,193.6300048828125,35.880001068115234,1575.1199951171875,425.25,193.64999389648438,36.150001525878906,1593.5,425.4800109863281,172373300,7708800,192100,14551100
2024-06-12,212.35630798339844,35.70288848876953,1599.3399658203125,439.386962890625,213.07000732421875,36.29999923706055,1599.3399658203125,441.05999755859375,220.1999969482422,36.97999954223633,1609.0,443.3999938964844,206.89999389648438,36.2400016784668,1573.9599609375,433.25,207.3699951171875,36.61000061035156,1600.0999755859375,435.32000732421875,198134300,7372500,283700,22366200
2024-06-13,213.52236938476562,35.85042190551758,1580.530029296875,439.9049987792969,214.24000549316406,36.45000076293945,1580.530029296875,441.5799865722656,216.75,36.779998779296875,1617.1099853515625,443.3900146484375,211.60000610351562,36.099998474121094,1572.530029296875,439.3699951171875,214.74000549316406,36.279998779296875,1606.43994140625,440.8500061035156,97862700,6847500,251100,15960600
2024-06-14,211.77822875976562,34.925880432128906,1582.1400146484375,440.8912353515625,212.49000549316406,35.5099983215332,1582.1400146484375,442.57000732421875,215.1699981689453,36.630001068115234,1588.0,443.1400146484375,211.3000030517578,35.439998626708984,1561.0,436.7200012207031,213.85000610351562,36.220001220703125,1581.81005859375,438.2799987792969,70122700,8582400,223100,13582000
2024-06-17,215.94422912597656,35.3389778137207,1559.22998046875,446.6692199707031,216.6699981689453,35.93000030517578,1559.22998046875,448.3699951171875,218.9499969482422,36.09000015258789,1587.6199951171875,450.94000244140625,212.72000122070312,35.220001220703125,1557.5,440.7200012207031,213.3699951171875,35.61000061035156,1580.06005859375,442.5899963378906,93728300,7500300,313400,20790000
2024-06-18,213.5721893310547,36.14548873901367,1573.4000244140625,444.6469421386719,214.2899932861328,36.75,1573.4000244140625,446.3399963378906,218.6300048828125,36.79999923706055,1583.280029296875,450.1400146484375,213.0,35.91999816894531,1550.0,444.8900146484375,217.58999633789062,36.11000061035156,1558.300048828125,449.7099914550781,79943300,9607500,250700,17112500
2024-06-20,208.97763061523438,35.64387512207031,1585.030029296875,444.0093688964844,209.67999267578125,36.2400016784668,1585.030029296875,445.70001220703125,214.24000549316406,37.18000030517578,1586.9000244140625,446.5299987792969,208.85000610351562,36.099998474121094,1567.969970703125,441.2699890136719,213.92999267578125,36.86000061035156,1570.0,446.29998779296875,86172500,9202400,264200,19877400
2024-06-21,206.7949981689453,35.77173614501953,1600.050048828125,448.0738830566406,207.49000549316406,36.369998931884766,1600.050048828125,449.7799987792969,211.88999938964844,36.63999938964844,1622.030029296875,450.5799865722656,207.11000061035156,35.849998474121094,1579.6600341796875,446.510009765625,210.38999938964844,36.099998474121094,1622.030029296875,447.3800048828125,246421400,17244600,309700,34486200
2024-06-24,207.44281005859375,35.70288848876953,1582.8599853515625,445.9718933105469,208.13999938964844,36.29999923706055,1582.8599853515625,447.6700134277344,212.6999969482422,36.900001525878906,1617.8399658203125,452.75,206.58999633789062,36.150001525878906,1580.0999755859375,446.4100036621094,207.72000122070312,36.349998474121094,1607.760009765625,449.79998779296875,80727000,5496100,244600,15913700
2024-06-25,208.36968994140625,35.67338562011719,1642.280029296875,449.23944091796875,209.07000732421875,36.27000045776367,1642.280029296875,450.95001220703125,211.3800048828125,36.459999084472656,1647.1800537109375,451.4200134277344,208.61000061035156,36.02000045776367,1590.050048828125,446.75,209.14999389648438,36.13999938964844,1592.199951171875,448.25,56713900,6002900,281300,16747500
2024-06-26,212.5356903076172,34.51279067993164,1678.9599609375,450.4448547363281,213.25,35.09000015258789,1678.9599609375,452.1600036621094,214.86000061035156,36.150001525878906,1682.68994140625,453.6000061035156,210.63999938964844,34.77000045776367,1626.469970703125,448.19000244140625,211.5,36.119998931884766,1636.5,449.0,66213200,9658300,315300,16507000
2024-06-27,213.3828582763672,34.13904571533203,1660.8900146484375,451.13226318359375,214.10000610351562,34.709999084472656,1660.8900146484375,452.8500061035156,215.74000549316406,35.29999923706055,1690.0,456.1700134277344,212.35000610351562,34.650001525878906,1650.25,451.7699890136719,214.69000244140625,35.189998626708984,1682.3399658203125,452.17999267578125,49772700,5716700,250600,14806300
2024-06-28,209.91448974609375,34.443946838378906,1643.4000244140625,445.254638671875,210.6199951171875,35.02000045776367,1643.4000244140625,446.95001220703125,216.07000732421875,35.380001068115234,1673.22998046875,455.3800048828125,210.3000030517578,34.77000045776367,1637.97998046875,446.4100036621094,215.77000427246094,34.900001525878906,1663.6700439453125,453.07000732421875,82542700,14543000,249600,28362300
2024-07-01,216.02395629882812,34.39476776123047,1597.5999755859375,454.9975280761719,216.75,34.970001220703125,1597.5999755859375,456.7300109863281,217.50999450683594,35.22999954223633,1641.0400390625,457.3699951171875,211.9199981689453,34.709999084472656,1571.8699951171875,445.6600036621094,212.08999633789062,35.20000076293945,1635.6099853515625,448.6600036621094,60402900,4952900,337600,17662800
2024-07-02,219.5321807861328,34.227561950683594,1596.47998046875,457.537841796875,220.27000427246094,34.79999923706055,1596.47998046875,459.2799987792969,220.3800048828125,35.130001068115234,1617.8800048828125,459.5899963378906,215.10000610351562,34.400001525878906,1583.3499755859375,453.1099853515625,216.14999389648438,34.75,1590.949951171875,453.20001220703125,58046200,5834500,297400,13979800
2024-07-03,220.80789184570312,34.27674102783203,1591.43994140625,459.0221862792969,221.5500030517578,34.849998474121094,1591.43994140625,460.7699890136719,221.5500030517578,35.09000015258789,1594.1199951171875,461.0199890136719,219.02999877929688,34.720001220703125,1563.2099609375,457.8800048828125,220.0,34.900001525878906,1585.0,458.19000244140625,37369800,3985200,207700,9932800
2024-07-05,225.5818328857422,34.06036376953125,1658.9599609375,465.78643798828125,226.33999633789062,34.630001068115234,1658.9599609375,467.55999755859375,226.4499969482422,34.900001525878906,1666.27001953125,468.3500061035156,221.64999389648438,34.38999938964844,1598.06005859375,458.9700012207031,221.64999389648438,34.88999938964844,1610.0,459.6099853515625,60412400,4365400,354400,16000300
2024-07-08,227.056884765625,34.739009857177734,1683.75,464.471435546875,227.82000732421875,35.31999969482422,1683.75,466.239990234375,227.85000610351562,35.5,1700.9000244140625,467.70001220703125,223.25,34.79999923706055,1647.0,464.4599914550781,227.08999633789062,34.849998474121094,1659.3900146484375,466.54998779296875,59085900,6511300,310500,12962300
2024-07-09,227.9139862060547,34.837364196777344,1722.050048828125,457.796875,228.67999267578125,35.41999816894531,1722.050048828125,459.5400085449219,229.39999389648438,35.619998931884766,1733.969970703125,467.3299865722656,226.3699951171875,35.150001525878906,1675.77001953125,458.0,227.92999267578125,35.27000045776367,1698.989990234375,467.0,48076100,5152700,349000,17207200
2024-07-10,232.19960021972656,35.4766731262207,1703.550048828125,464.4814147949219,232.97999572753906,36.06999969482422,1703.550048828125,466.25,233.0800018310547,36.099998474121094,1739.3399658203125,466.4599914550781,229.25,35.52000045776367,1679.9599609375,458.8599853515625,229.3000030517578,35.720001220703125,1733.97998046875,461.2200012207031,62627700,5344700,268100,18196100
2024-07-11,226.80772399902344,35.50617980957031,1708.6500244140625,452.9752502441406,227.57000732421875,36.099998474121094,1708.6500244140625,454.70001220703125,232.38999938964844,36.54999923706055,1733.760009765625,464.7799987792969,225.77000427246094,36.029998779296875,1700.0400390625,451.54998779296875,231.38999938964844,36.20000076293945,1710.5699462890625,462.9800109863281,64710600,6722900,258800,23111200
2024-07-12,229.76776123046875,36.125816345214844,1761.219970703125,451.8295593261719,230.5399932861328,36.72999954223633,1761.219970703125,453.54998779296875,232.63999938964844,36.90999984741211,1764.5,456.3599853515625,228.67999267578125,35.93000030517578,1710.449951171875,450.6499938964844,228.9199981689453,36.22999954223633,1710.449951171875,454.3299865722656,53046500,6599800,335200,16324300
2024-07-15,233.61483764648438,36.72578430175781,1743.989990234375,452.2380065917969,234.39999389648438,37.34000015258789,1743.989990234375,453.9599914550781,237.22999572753906,37.349998474121094,1760.3800048828125,457.260009765625,233.08999633789062,36.40999984741211,1727.449951171875,451.42999267578125,236.47999572753906,36.43000030517578,1745.6199951171875,453.29998779296875,62631300,5720700,376500,14429400
2024-07-16,234.03343200683594,37.37492752075195,1720.4300537109375,447.8148498535156,234.82000732421875,38.0,1720.4300537109375,449.5199890136719,236.27000427246094,38.130001068115234,1745.510009765625,454.29998779296875,232.3300018310547,37.4900016784668,1707.0,446.6600036621094,235.0,37.599998474121094,1741.31005859375,454.2200012207031,43234300,8571000,265100,17175700
2024-07-17,228.1133270263672,37.483116149902344,1670.0899658203125,441.8376159667969,228.8800048828125,38.11000061035156,1670.0899658203125,443.5199890136719,231.4600067138672,38.41999816894531,1710.0,444.8500061035156,226.63999938964844,37.369998931884766,1655.0999755859375,439.17999267578125,229.4499969482422,37.599998474121094,1710.0,442.5899963378906,57345900,8906800,378000,21778000
2024-07-18,223.42906188964844,36.7651252746582,1623.260009765625,438.6995849609375,224.17999267578125,37.380001068115234,1623.260009765625,440.3699951171875,230.44000244140625,38.189998626708984,1685.31005859375,444.6499938964844,222.27000427246094,37.220001220703125,1613.5400390625,434.3999938964844,230.27999877929688,38.06999969482422,1670.72998046875,444.3399963378906,66034600,5895500,270400,20794800
2024-07-19,223.5586395263672,36.538909912109375,1649.989990234375,435.4519348144531,224.30999755859375,37.150001525878906,1649.989990234375,437.1099853515625,226.8000030517578,37.439998626708984,1664.5899658203125,441.1400146484375,223.27999877929688,36.880001068115234,1612.9000244140625,432.0,224.82000732421875,37.40999984741211,1612.9000244140625,433.1000061035156,49151500,4773500,174100,20940400
2024-07-22,223.20980834960938,37.39459991455078,1687.3800048828125,441.2598571777344,223.9600067138672,38.02000045776367,1687.3800048828125,442.94000244140625,227.77999877929688,38.040000915527344,1691.949951171875,444.6000061035156,223.08999633789062,37.41999816894531,1651.22998046875,438.9100036621094,227.00999450683594,37.619998931884766,1668.18994140625,441.7900085449219,48201800,4519900,193900,15808800
2024-07-23,224.2563018798828,37.08969497680664,1692.22998046875,443.16259765625,225.00999450683594,37.709999084472656,1692.22998046875,444.8500061035156,226.94000244140625,38.13999938964844,1700.1800537109375,448.3900146484375,222.67999267578125,37.650001525878906,1680.22998046875,443.1000061035156,224.3699951171875,37.779998779296875,1683.510009765625,443.8999938964844,39960300,4472700,217700,13107100
2024-07-24,217.80795288085938,37.1978874206543,1642.550048828125,427.2731018066406,218.5399932861328,37.81999969482422,1642.550048828125,428.8999938964844,224.8000030517578,38.119998931884766,1676.1700439453125,441.4800109863281,217.1300048828125,37.5,1635.510009765625,427.5899963378906,224.0,37.58000183105469,1676.1700439453125,440.45001220703125,61777600,6310400,240300,26805800
2024-07-25,216.76148986816406,35.65371322631836,1625.1500244140625,416.8128967285156,217.49000549316406,36.25,1625.1500244140625,418.3999938964844,220.85000610351562,37.790000915527344,1674.5,429.79998779296875,214.6199951171875,36.20000076293945,1595.260009765625,417.510009765625,218.92999267578125,37.61000061035156,1634.3900146484375,428.79998779296875,51391200,8589500,278700,29943800
2024-07-26,217.2299041748047,35.74222946166992,1651.68994140625,423.6568298339844,217.9600067138672,36.34000015258789,1651.68994140625,425.2699890136719,219.49000549316406,36.75,1668.030029296875,428.9200134277344,216.00999450683594,36.20000076293945,1629.3399658203125,417.2699890136719,218.6999969482422,36.540000915527344,1629.3399658203125,418.20001220703125,41601300,7299600,169000,23583800
2024-07-29,217.50897216796875,35.53568649291992,1621.4000244140625,425.111328125,218.24000549316406,36.130001068115234,1621.4000244140625,426.7300109863281,219.3000030517578,36.41999816894531,1670.0,432.1499938964844,215.75,35.75,1613.6700439453125,424.70001220703125,216.9600067138672,36.400001525878906,1667.1500244140625,431.5799865722656,36311800,4788300,217900,15125800
2024-07-30,218.06710815429688,34.93572235107422,1626.1500244140625,421.3157958984375,218.8000030517578,35.52000045776367,1626.1500244140625,422.9200134277344,220.3300018310547,36.29999923706055,1647.6300048828125,429.04998779296875,216.1199951171875,35.13999938964844,1603.0899658203125,417.3599853515625,219.19000244140625,36.130001068115234,1623.72998046875,427.7200012207031,41643800,6915700,327100,32687600
2024-07-31,221.3361053466797,35.49634552001953,1668.9000244140625,416.7630920410156,222.0800018310547,36.09000015258789,1668.9000244140625,418.3500061035156,223.82000732421875,36.36000061035156,1674.5799560546875,421.7799987792969,220.6300048828125,35.7400016784668,1646.1199951171875,412.2099914550781,221.44000244140625,35.970001220703125,1660.0,420.5,50036300,8189900,375400,42891400
2024-08-01,217.62855529785156,34.59147262573242,1606.06005859375,415.52777099609375,218.36000061035156,35.16999816894531,1606.06005859375,417.1099853515625,224.47999572753906,36.290000915527344,1712.4599609375,427.4599914550781,217.02000427246094,34.9900016784668,1579.780029296875,413.0899963378906,224.3699951171875,35.97999954223633,1675.489990234375,420.7900085449219,62501000,5437300,624500,30296400
2024-08-02,219.12355041503906,33.16532897949219,1776.1400146484375,406.9405212402344,219.86000061035156,33.720001220703125,1776.1400146484375,408.489990234375,225.60000610351562,34.560001373291016,1786.969970703125,415.0,217.7100067138672,33.560001373291016,1692.9599609375,404.3399963378906,219.14999389648438,34.40999984741211,1701.2099609375,412.489990234375,105568600,6489100,958300,29437900
2024-08-05,208.5690155029297,32.21128463745117,1776.0,393.6510925292969,209.27000427246094,32.75,1776.0,395.1499938964844,213.5,32.97999954223633,1820.0,401.0400085449219,196.0,32.15999984741211,1656.739990234375,385.5799865722656,199.08999633789062,32.58000183105469,1666.0,389.1700134277344,119548600,7339300,725400,40709200
2024-08-06,206.5358428955078,32.18178176879883,1810.3900146484375,398.09417724609375,207.22999572753906,32.720001220703125,1810.3900146484375,399.6099853515625,209.99000549316406,33.20000076293945,1850.0,405.6700134277344,201.07000732421875,32.52000045776367,1776.010009765625,398.5,205.3000030517578,32.849998474121094,1788.4000244140625,400.0,69660500,6154400,486500,24946500
2024-08-07,209.11717224121094,31.49329376220703,1859.699951171875,396.91864013671875,209.82000732421875,32.02000045776367,1859.699951171875,398.42999267578125,213.63999938964844,33.08000183105469,1878.3800048828125,410.0799865722656,206.38999938964844,31.950000762939453,1825.81005859375,397.4700012207031,206.89999389648438,32.90999984741211,1834.8800048828125,408.6400146484375,63516400,7603700,587100,20650900
2024-08-08,212.59547424316406,32.476844787597656,1869.4000244140625,401.1625061035156,213.30999755859375,33.02000045776367,1869.4000244140625,402.69000244140625,214.1999969482422,33.09000015258789,1887.3399658203125,405.8599853515625,208.8300018310547,32.290000915527344,1829.1199951171875,399.94000244140625,213.11000061035156,32.290000915527344,1880.0,402.44000244140625,47161100,5909000,345100,20203000
2024-08-09,215.51568603515625,32.9882926940918,1883.6199951171875,404.4798583984375,216.24000549316406,33.540000915527344,1883.6199951171875,406.0199890136719,216.77999877929688,33.88999938964844,1909.800048828125,408.04998779296875,211.97000122070312,32.86000061035156,1869.6199951171875,402.260009765625,212.10000610351562,32.86000061035156,1869.6199951171875,404.0299987792969,42201600,6605500,232900,19276700
2024-08-12,217.0522918701172,33.22433853149414,1901.8199462890625,405.2668762207031,217.52999877929688,33.779998779296875,1901.8199462890625,406.80999755859375,219.50999450683594,34.16999816894531,1904.5999755859375,408.760009765625,215.60000610351562,33.58000183105469,1874.6099853515625,404.239990234375,216.07000732421875,33.630001068115234,1884.510009765625,407.05999755859375,38028100,5609200,186900,16762900
2024-08-13,220.78408813476562,34.1882209777832,1916.199951171875,412.4395751953125,221.27000427246094,34.7599983215332,1916.199951171875,414.010009765625,221.88999938964844,34.779998779296875,1923.1800537109375,414.95001220703125,219.00999450683594,33.970001220703125,1891.97998046875,409.57000732421875,219.00999450683594,34.0099983215332,1905.0,409.5899963378906,44155300,6477300,315200,19414300
2024-08-14,221.23309326171875,34.17838668823242,1898.5699462890625,415.27874755859375,221.72000122070312,34.75,1898.5699462890625,416.8599853515625,223.02999877929688,35.02000045776367,1921.6800537109375,417.7200012207031,219.6999969482422,34.540000915527344,1883.0,412.45001220703125,220.57000732421875,34.7599983215332,1921.6800537109375,414.79998779296875,41960600,5158500,272900,18267000
2024-08-15,224.22650146484375,34.90621566772461,1996.43994140625,420.1889343261719,224.72000122070312,35.4900016784668,1996.43994140625,421.0299987792969,225.35000610351562,35.560001373291016,1998.6800537109375,421.1099853515625,222.75999450683594,35.150001525878906,1915.0,417.6600036621094,224.60000610351562,35.20000076293945,1920.0,419.79998779296875,46414000,4847700,519000,20752100
2024-08-16,225.5535888671875,35.319305419921875,1977.969970703125,417.634033203125,226.0500030517578,35.90999984741211,1977.969970703125,418.4700012207031,226.8300018310547,36.029998779296875,1999.0,421.3399963378906,223.64999389648438,35.40999984741211,1969.0,417.29998779296875,223.9199981689453,35.47999954223633,1992.0,420.6000061035156,44340200,5580400,245100,22775600
2024-08-19,225.3939208984375,34.030853271484375,2028.0,420.68792724609375,225.88999938964844,34.599998474121094,2028.0,421.5299987792969,225.99000549316406,35.290000915527344,2029.989990234375,421.75,223.0399932861328,34.279998779296875,1985.1700439453125,416.4599914550781,225.72000122070312,34.619998931884766,1989.6700439453125,418.9599914550781,40687800,9622300,402100,15234000
2024-08-20,226.0125732421875,34.237403869628906,2005.6600341796875,423.9513854980469,226.50999450683594,34.810001373291016,2005.6600341796875,424.79998779296875,227.1699981689453,35.04999923706055,2027.780029296875,425.8599853515625,225.4499969482422,34.59000015258789,2000.030029296875,421.6400146484375,225.77000427246094,34.599998474121094,2020.0,421.70001220703125,30299000,6885200,225600,16387600
2024-08-21,225.90281677246094,34.6898307800293,2007.4599609375,423.292724609375,226.39999389648438,35.27000045776367,2007.4599609375,424.1400146484375,227.97999572753906,35.33000183105469,2015.4599609375,426.3999938964844,225.0500030517578,34.81999969482422,1973.260009765625,421.7200012207031,226.52000427246094,35.0,2013.02001953125,424.0799865722656,34765500,4677000,238900,16067300
2024-08-22,224.0369110107422,34.502960205078125,1988.8299560546875,414.7198791503906,224.52999877929688,35.08000183105469,1988.8299560546875,415.54998779296875,228.33999633789062,35.68000030517578,2019.0,426.7900085449219,223.89999389648438,35.0,1983.449951171875,414.6099853515625,227.7899932861328,35.310001373291016,2000.199951171875,424.3599853515625,43695300,4955300,191500,19361900
2024-08-23,226.3418426513672,35.07341766357422,2000.31005859375,415.9573974609375,226.83999633789062,35.65999984741211,2000.31005859375,416.7900085449219,228.22000122070312,36.16999816894531,2009.8199462890625,419.260009765625,224.3300018310547,35.31999969482422,1980.6199951171875,412.0899963378906,225.66000366210938,35.33000183105469,2006.5,416.9800109863281,38677300,6319600,162700,18493800
2024-08-26,226.68109130859375,34.98489761352539,2004.699951171875,412.6639709472656,227.17999267578125,35.56999969482422,2004.699951171875,413.489990234375,227.27999877929688,36.15999984741211,2007.6500244140625,417.2799987792969,223.88999938964844,35.34000015258789,1978.0,411.3399963378906,226.75999450683594,35.849998474121094,1991.72998046875,416.3699951171875,30602200,5415200,181700,13152800
2024-08-27,227.52923583984375,35.014404296875,2036.2099609375,413.0132751464844,228.02999877929688,35.599998474121094,2036.2099609375,413.8399963378906,228.85000610351562,35.68000030517578,2048.989990234375,414.3599853515625,224.88999938964844,35.34000015258789,2002.989990234375,410.25,226.0,35.5,2002.989990234375,412.8599853515625,35934600,6473800,272400,13492900
2024-08-28,225.99261474609375,34.1882209777832,1995.1700439453125,409.77978515625,226.49000549316406,34.7599983215332,1995.1700439453125,410.6000061035156,229.86000061035156,35.70000076293945,2037.0,415.0,225.67999267578125,34.63999938964844,1982.6800537109375,407.30999755859375,227.9199981689453,35.52000045776367,2035.25,414.8800048828125,38052200,12074200,251500,14882700
2024-08-29,229.28536987304688,34.876708984375,2015.7900390625,412.29473876953125,229.7899932861328,35.459999084472656,2015.7900390625,413.1199951171875,232.9199981689453,36.869998931884766,2023.550048828125,422.04998779296875,228.8800048828125,33.79999923706055,1994.989990234375,410.6000061035156,230.10000610351562,34.11000061035156,2003.469970703125,414.94000244140625,51906300,18740400,199200,17045200
2024-08-30,228.49710083007812,35.584861755371094,2061.659912109375,416.30670166015625,229.0,36.18000030517578,2061.659912109375,417.1400146484375,230.39999389648438,36.25,2064.760009765625,417.489990234375,227.47999572753906,35.459999084472656,2018.4100341796875,412.1300048828125,230.19000244140625,35.650001525878906,2025.989990234375,415.6000061035156,52990800,12068600,384400,24308300
2024-09-03,222.28079223632812,34.79802322387695,1990.1700439453125,408.6220703125,222.77000427246094,35.380001068115234,1990.1700439453125,409.44000244140625,229.0,36.16999816894531,2053.590087890625,419.8800048828125,221.1699981689453,35.13999938964844,1984.0,407.0299987792969,228.5500030517578,35.9900016784668,2050.0,417.9100036621094,50190600,9151700,377200,20313600
2024-09-04,220.36500549316406,34.74884796142578,1991.5899658203125,408.0831604003906,220.85000610351562,35.33000183105469,1991.5899658203125,408.8999938964844,221.77999877929688,35.63999938964844,2006.010009765625,411.239990234375,217.47999572753906,35.150001525878906,1977.9000244140625,404.3699951171875,221.66000366210938,35.349998474121094,1996.8299560546875,405.9100036621094,43840200,6514200,167900,15135800
2024-09-05,221.8916473388672,33.834144592285156,2038.1800537109375,407.5741882324219,222.3800048828125,34.400001525878906,2038.1800537109375,408.3900146484375,225.47999572753906,35.029998779296875,2048.050048828125,413.1000061035156,221.52000427246094,34.34000015258789,1991.5899658203125,406.1300048828125,221.6300048828125,34.84000015258789,1991.5899658203125,407.6199951171875,36615400,6862100,218700,14195500
2024-09-06,220.33506774902344,33.2636833190918,1986.050048828125,400.8975524902344,220.82000732421875,33.81999969482422,1986.050048828125,401.70001220703125,225.24000549316406,34.63999938964844,2034.8499755859375,410.6499938964844,219.77000427246094,33.77000045776367,1966.0,400.79998779296875,223.9499969482422,34.27000045776367,2034.8499755859375,409.05999755859375,48423000,7995900,304400,19609500
2024-09-09,220.4248809814453,33.61776351928711,2029.9100341796875,404.9095153808594,220.91000366210938,34.18000030517578,2029.9100341796875,405.7200012207031,221.27000427246094,34.83000183105469,2035.8800048828125,408.6499938964844,216.7100067138672,34.02000045776367,2001.800048828125,402.1499938964844,220.82000732421875,34.279998779296875,2006.9599609375,407.239990234375,67180000,9803500,229900,15295100
2024-09-10,219.62661743164062,32.91944122314453,2017.5799560546875,413.3725891113281,220.11000061035156,33.470001220703125,2017.5799560546875,414.20001220703125,221.47999572753906,34.18000030517578,2045.3299560546875,416.3299865722656,216.72999572753906,33.369998931884766,2001.5,407.70001220703125,218.9199981689453,34.02000045776367,2040.300048828125,408.20001220703125,51591000,7863000,198600,19594300
2024-09-11,222.17103576660156,33.0939826965332,2045.8800048828125,422.1949157714844,222.66000366210938,33.369998931884766,2045.8800048828125,423.0400085449219,223.08999633789062,33.43000030517578,2053.0,423.989990234375,217.88999938964844,32.689998626708984,1984.8499755859375,409.5799865722656,221.4600067138672,33.18000030517578,2026.81005859375,415.5,44587100,7186800,323500,19266900
2024-09-12,222.28079223632812,32.82621765136719,2140.10009765625,426.1470031738281,222.77000427246094,33.099998474121094,2140.10009765625,427.0,223.5500030517578,33.400001525878906,2142.590087890625,427.3699951171875,219.82000732421875,32.95000076293945,2054.719970703125,419.75,222.5,33.2400016784668,2056.0,423.30999755859375,37498200,6508800,435900,17418800
2024-09-13,222.01136779785156,33.04439926147461,2122.3701171875,429.7298278808594,222.5,33.31999969482422,2122.3701171875,430.5899963378906,224.0399932861328,33.54999923706055,2143.9599609375,431.8299865722656,221.91000366210938,33.13999938964844,2117.679931640625,425.4599914550781,223.5800018310547,33.20000076293945,2136.9599609375,425.8299865722656,36766600,5924200,256700,15874600
2024-09-16,215.84495544433594,33.48075866699219,2105.510009765625,430.47833251953125,216.32000732421875,33.7599983215332,2105.510009765625,431.3399963378906,217.22000122070312,33.849998474121094,2128.830078125,433.5299987792969,213.9199981689453,33.13999938964844,2102.0,428.2200012207031,216.5399932861328,33.189998626708984,2128.830078125,430.6000061035156,59357400,7775900,264600,13834700
2024-09-17,216.31390380859375,34.14521789550781,2074.260009765625,434.2807312011719,216.7899932861328,34.43000030517578,2074.260009765625,435.1499938964844,216.89999389648438,34.90999984741211,2111.679931640625,441.8500061035156,214.5,33.9900016784668,2067.179931640625,432.2699890136719,215.75,34.04999923706055,2106.699951171875,440.2300109863281,45519300,10054200,283900,18874200
2024-09-18,220.20535278320312,34.244388580322266,2102.639892578125,429.94940185546875,220.69000244140625,34.529998779296875,2102.639892578125,430.80999755859375,222.7100067138672,34.97999954223633,2124.52001953125,436.0299987792969,217.5399932861328,34.29999923706055,2074.219970703125,430.4100036621094,217.5500030517578,34.599998474121094,2078.760009765625,435.0,59894900,7077800,218900,18898000
2024-09-19,228.3673858642578,34.53199005126953,2109.39990234375,437.81365966796875,228.8699951171875,34.81999969482422,2109.39990234375,438.69000244140625,229.82000732421875,35.220001220703125,2157.639892578125,441.5,224.6300048828125,34.79999923706055,2098.929931640625,436.8999938964844,224.99000549316406,35.099998474121094,2138.449951171875,441.2300109863281,66781300,7466700,360800,21706600
2024-09-20,227.6988525390625,34.47248840332031,2103.75,434.4004821777344,228.1999969482422,34.7599983215332,2103.75,435.2699890136719,233.08999633789062,34.91999816894531,2118.610107421875,439.239990234375,227.6199951171875,34.38999938964844,2094.679931640625,434.2200012207031,229.97000122070312,34.709999084472656,2116.14990234375,437.2200012207031,318679900,37215900,319400,55167100
2024-09-23,225.97265625,34.81959533691406,2102.6298828125,432.6440124511719,226.47000122070312,35.11000061035156,2102.6298828125,433.510009765625,229.4499969482422,35.2400016784668,2140.969970703125,436.4599914550781,225.80999755859375,34.630001068115234,2100.0,430.3900146484375,227.33999633789062,34.790000915527344,2117.830078125,434.2799987792969,54146000,7951700,226500,15128900
2024-09-24,226.8706817626953,35.543556213378906,2111.0,428.31268310546875,227.3699951171875,35.84000015258789,2111.0,429.1700134277344,229.35000610351562,35.880001068115234,2124.330078125,433.3500061035156,225.72999572753906,35.25,2092.0,426.1000061035156,228.64999389648438,35.2599983215332,2116.280029296875,433.0,43556100,6576900,303100,17015800
2024-09-25,225.8728790283203,35.75181579589844,2131.2900390625,431.2467956542969,226.3699951171875,36.04999923706055,2131.2900390625,432.1099853515625,227.2899932861328,36.40999984741211,2132.679931640625,433.1199951171875,224.02000427246094,35.93000030517578,2088.75,428.57000732421875,224.92999267578125,36.0,2097.14990234375,429.8299865722656,42308700,6622000,234900,13396400
2024-09-26,227.02035522460938,36.54520034790039,2100.2099609375,430.4483947753906,227.52000427246094,36.849998474121094,2100.2099609375,431.30999755859375,228.5,36.93000030517578,2161.72998046875,435.29998779296875,225.41000366210938,36.06999969482422,2098.320068359375,429.1300048828125,227.3000030517578,36.47999954223633,2147.800048828125,435.0899963378906,36636700,6278200,328900,14492000
2024-09-27,227.2897491455078,35.11711120605469,2064.7099609375,427.1649475097656,227.7899932861328,35.40999984741211,2064.7099609375,428.0199890136719,229.52000427246094,36.08000183105469,2100.2099609375,431.8500061035156,227.3000030517578,35.11000061035156,2055.52001953125,427.4700012207031,228.4600067138672,35.7599983215332,2100.2099609375,431.5199890136719,34026000,9961700,321200,14896100
2024-09-30,232.48831176757812,35.573307037353516,2051.9599609375,429.4403991699219,233.0,35.869998931884766,2051.9599609375,430.29998779296875,233.0,35.9900016784668,2064.8701171875,430.4200134277344,229.64999389648438,35.5,2030.25,425.3699951171875,230.0399932861328,35.5,2055.300048828125,428.2099914550781,54541900,8303700,398600,16807300
2024-10-01,225.71322631835938,34.47248840332031,2066.1201171875,419.849609375,226.2100067138672,34.7599983215332,2066.1201171875,420.69000244140625,229.64999389648438,35.189998626708984,2067.719970703125,428.4800109863281,223.74000549316406,34.150001525878906,2033.239990234375,418.80999755859375,229.52000427246094,35.040000915527344,2060.0,428.45001220703125,63285000,10361100,349100,19092900
2024-10-02,226.28196716308594,34.889015197753906,1970.719970703125,416.2967224121094,226.77999877929688,35.18000030517578,1970.719970703125,417.1300048828125,227.3699951171875,35.47999954223633,2015.4200439453125,422.82000732421875,223.02000427246094,34.459999084472656,1952.4200439453125,416.7099914550781,225.88999938964844,34.790000915527344,1993.219970703125,422.5799865722656,32880600,8804100,514600,16582300
2024-10-03,225.17440795898438,35.305538177490234,1959.199951171875,415.7079162597656,225.6699981689453,35.599998474121094,1959.199951171875,416.5400085449219,226.80999755859375,35.61000061035156,1970.010009765625,419.54998779296875,223.32000732421875,34.97999954223633,1942.3199462890625,414.2900085449219,225.13999938964844,35.06999969482422,1956.6500244140625,417.6300048828125,34044200,7227100,243200,13686400
2024-10-04,226.30194091796875,35.692317962646484,1960.0,415.2288513183594,226.8000030517578,35.9900016784668,1960.0,416.05999755859375,228.0,36.11000061035156,1972.2099609375,419.75,224.1300048828125,35.560001373291016,1937.280029296875,414.9700012207031,227.89999389648438,36.0,1966.0,418.239990234375,37245100,5116900,315800,19169700
2024-10-07,221.2031707763672,35.61297607421875,1963.22998046875,408.7218933105469,221.69000244140625,35.90999984741211,1963.22998046875,409.5400085449219,225.69000244140625,36.22999954223633,1985.0,417.1099853515625,221.3300018310547,35.720001220703125,1951.010009765625,409.0,224.5,35.970001220703125,1961.0,416.0,39505400,4302100,252000,20919800
2024-10-08,225.27420043945312,35.702232360839844,2014.22998046875,413.8815612792969,225.77000427246094,36.0,2014.22998046875,414.7099914550781,225.97999572753906,36.15999984741211,2018.510009765625,415.6600036621094,223.25,35.209999084472656,1963.050048828125,408.1700134277344,224.3000030517578,35.79999923706055,1963.050048828125,410.8999938964844,31855700,8667100,268900,19229300
2024-10-09,229.03591918945312,36.277435302734375,2047.989990234375,416.62603759765625,229.5399932861328,36.58000183105469,2047.989990234375,417.4599914550781,229.75,36.81999969482422,2052.5,420.3800048828125,224.8300018310547,35.86000061035156,2002.9200439453125,414.29998779296875,225.22999572753906,35.97999954223633,2007.699951171875,415.8599853515625,33591100,5376400,274700,14974300
2024-10-10,228.53700256347656,36.44602966308594,2040.5,415.0093078613281,229.0399932861328,36.75,2040.5,415.8399963378906,229.5,36.86000061035156,2059.820068359375,417.3500061035156,227.1699981689453,36.41999816894531,2026.0999755859375,413.1499938964844,227.77999877929688,36.560001373291016,2044.0,415.2300109863281,28183500,4763400,197300,13848400
2024-10-11,227.05029296875,36.70387649536133,2091.159912109375,415.48834228515625,227.5500030517578,37.0099983215332,2091.159912109375,416.32000732421875,229.41000366210938,37.47999954223633,2107.10009765625,417.1300048828125,227.33999633789062,36.86000061035156,2043.0,413.25,229.3000030517578,36.939998626708984,2058.2099609375,416.1400146484375,31759200,5832200,343000,14144900
2024-10-14,230.79205322265625,37.13032150268555,2079.9599609375,418.302734375,231.3000030517578,37.439998626708984,2079.9599609375,419.1400146484375,231.72999572753906,37.470001220703125,2105.0400390625,424.0400085449219,228.60000610351562,36.90999984741211,2073.409912109375,417.5199890136719,228.6999969482422,37.0,2091.820068359375,417.7699890136719,39882100,5060100,201700,16653100
2024-10-15,233.33645629882812,36.66421127319336,2033.6199951171875,417.90350341796875,233.85000610351562,36.970001220703125,2033.6199951171875,418.739990234375,237.49000549316406,37.970001220703125,2082.989990234375,422.4800109863281,232.3699951171875,36.849998474121094,2018.3900146484375,415.260009765625,233.61000061035156,37.54999923706055,2075.47998046875,422.17999267578125,64751400,6502100,330700,18900200
2024-10-16,231.27099609375,36.87247085571289,2046.469970703125,415.2887268066406,231.77999877929688,37.18000030517578,2046.469970703125,416.1199951171875,232.1199951171875,37.290000915527344,2063.969970703125,416.3599853515625,229.83999633789062,37.040000915527344,2029.3199462890625,410.4800109863281,231.60000610351562,37.040000915527344,2029.3199462890625,415.1700134277344,34082200,3413800,230300,15508900
2024-10-17,231.6401824951172,37.2691650390625,2065.8701171875,415.8875427246094,232.14999389648438,37.58000183105469,2065.8701171875,416.7200012207031,233.85000610351562,37.869998931884766,2079.93994140625,422.5,230.52000427246094,37.060001373291016,2046.030029296875,415.5899963378906,233.42999267578125,37.290000915527344,2066.85009765625,422.3599853515625,32993800,7099600,199700,14820000
2024-10-18,234.4839324951172,36.971641540527344,2079.7900390625,417.3246765136719,235.0,37.279998779296875,2079.7900390625,418.1600036621094,236.17999267578125,37.810001373291016,2088.330078125,419.6499938964844,234.00999450683594,37.15999984741211,2046.6700439453125,416.260009765625,236.17999267578125,37.70000076293945,2065.8701171875,417.1400146484375,46431500,4726600,229900,17145300
2024-10-21,235.96067810058594,36.158424377441406,2100.580078125,417.94342041015625,236.47999572753906,36.459999084472656,2100.580078125,418.7799987792969,236.85000610351562,37.54999923706055,2102.97998046875,418.9599914550781,234.4499969482422,36.45000076293945,2065.0,413.75,234.4499969482422,37.34000015258789,2065.0,416.1199951171875,36254500,5593900,217200,14206100
2024-10-22,235.342041015625,35.930328369140625,2067.820068359375,426.656005859375,235.86000061035156,36.22999954223633,2067.820068359375,427.510009765625,236.22000122070312,36.369998931884766,2090.010009765625,430.5799865722656,232.60000610351562,35.900001525878906,2061.02001953125,418.0400085449219,233.88999938964844,36.31999969482422,2077.919921875,418.489990234375,38846600,4919200,188600,25482200
2024-10-23,230.25323486328125,35.553470611572266,2038.699951171875,423.7518005371094,230.75999450683594,35.849998474121094,2038.699951171875,424.6000061035156,235.13999938964844,36.279998779296875,2075.239990234375,431.0799865722656,227.75999450683594,35.56999969482422,2028.4200439453125,422.5299987792969,234.0800018310547,36.0099983215332,2062.2900390625,430.8599853515625,52287000,4664800,163600,19654400
2024-10-24,230.06365966796875,36.1683464050293,2055.929931640625,423.8815612792969,230.57000732421875,36.470001220703125,2055.929931640625,424.7300109863281,230.82000732421875,36.529998779296875,2063.989990234375,425.9800109863281,228.41000366210938,35.650001525878906,2029.8800048828125,422.3999938964844,229.97999572753906,35.95000076293945,2038.699951171875,425.3299865722656,31109500,5931100,130900,13581600
2024-10-25,230.9018096923828,36.574954986572266,2047.3499755859375,427.2947082519531,231.41000366210938,36.880001068115234,2047.3499755859375,428.1499938964844,233.22000122070312,37.2599983215332,2092.52001953125,432.5199890136719,229.57000732421875,36.47999954223633,2044.93994140625,426.57000732421875,229.74000549316406,36.47999954223633,2053.989990234375,426.760009765625,38802300,5018400,217100,16899100
2024-10-28,232.88743591308594,37.1104850769043,2056.090087890625,425.7378234863281,233.39999389648438,37.41999816894531,2056.090087890625,426.5899963378906,234.72999572753906,37.63999938964844,2082.0,431.94000244140625,232.5500030517578,36.970001220703125,2044.6199951171875,426.29998779296875,233.32000732421875,37.0,2056.0,431.6600036621094,36087100,5286100,286200,14882400
2024-10-29,233.15684509277344,36.75346374511719,2026.5699462890625,431.0871276855469,233.6699981689453,37.060001373291016,2026.5699462890625,431.95001220703125,234.3300018310547,37.43000030517578,2075.679931640625,433.1700134277344,232.32000732421875,37.040000915527344,2023.5,425.79998779296875,233.10000610351562,37.43000030517578,2058.239990234375,428.0,35417200,4937600,338400,17644100
2024-10-30,229.59469604492188,36.23776626586914,2020.719970703125,431.66595458984375,230.10000610351562,36.540000915527344,2020.719970703125,432.5299987792969,233.47000122070312,37.2599983215332,2026.22998046875,438.5,229.5500030517578,36.529998779296875,1962.3800048828125,432.1000061035156,232.61000061035156,37.040000915527344,2015.3299560546875,437.44000244140625,47070900,5687600,366600,29749100
2024-10-31,225.4138946533203,35.22620391845703,2037.1800537109375,405.53826904296875,225.91000366210938,35.52000045776367,2037.1800537109375,406.3500061035156,229.8300018310547,36.40999984741211,2048.340087890625,416.1600036621094,225.3699951171875,35.38999938964844,1990.1800537109375,406.29998779296875,229.33999633789062,36.36000061035156,2015.25,415.3599853515625,64370100,6620900,324100,53971000
2024-11-01,222.4204864501953,35.979915618896484,2054.89990234375,409.55023193359375,222.91000366210938,36.279998779296875,2054.89990234375,410.3699951171875,225.35000610351562,36.58000183105469,2060.860107421875,415.5,220.27000427246094,35.4900016784668,2021.9100341796875,407.5,220.97000122070312,35.4900016784668,2030.43994140625,409.010009765625,65276700,6360400,344800,24230400
2024-11-04,221.52244567871094,35.692317962646484,2063.699951171875,407.64404296875,222.00999450683594,35.9900016784668,2063.699951171875,408.4599914550781,222.7899932861328,36.459999084472656,2084.18994140625,410.4200134277344,219.7100067138672,35.79999923706055,2047.699951171875,405.57000732421875,220.99000549316406,36.27000045776367,2059.0,409.79998779296875,44944500,9533900,249700,19672300
2024-11-05,222.95928955078125,36.336936950683594,2090.010009765625,410.6380310058594,223.4499969482422,36.63999938964844,2090.010009765625,411.4599914550781,223.9499969482422,36.65999984741211,2094.919921875,414.8999938964844,221.13999938964844,35.939998626708984,2055.330078125,408.0799865722656,221.8000030517578,36.0,2064.68994140625,408.3699951171875,28111300,4162800,287300,17626000
2024-11-06,222.23089599609375,36.604705810546875,2117.300048828125,419.3406066894531,222.72000122070312,36.90999984741211,2117.300048828125,420.17999267578125,226.07000732421875,37.529998779296875,2122.159912109375,420.45001220703125,221.19000244140625,35.88999938964844,2083.320068359375,410.5199890136719,222.61000061035156,37.439998626708984,2101.840087890625,412.4200134277344,54561100,9571100,508900,26681800
2024-11-07,226.98043823242188,37.03114700317383,1774.050048828125,424.58013916015625,227.47999572753906,37.34000015258789,1774.050048828125,425.42999267578125,227.8800048828125,37.599998474121094,1920.0,426.8500061035156,224.57000732421875,36.720001220703125,1749.9100341796875,419.8800048828125,224.6300048828125,36.810001373291016,1920.0,421.2799987792969,42137700,5801700,2966800,19901800
2024-11-08,226.7107391357422,36.51544952392578,1872.010009765625,421.6959228515625,226.9600067138672,36.81999969482422,1872.010009765625,422.5400085449219,228.66000366210938,37.31999969482422,1873.0799560546875,426.5,226.41000366210938,36.68000030517578,1793.0999755859375,421.7799987792969,227.1699981689453,37.20000076293945,1824.5,425.32000732421875,38328800,5489400,1356900,16891400
2024-11-11,223.98373413085938,37.35841751098633,1961.1600341796875,417.1749572753906,224.22999572753906,37.66999816894531,1961.1600341796875,418.010009765625,225.6999969482422,38.66999816894531,1967.0,424.80999755859375,221.5,36.79999923706055,1882.300048828125,416.0,225.0,36.9900016784668,1894.1400146484375,422.5199890136719,42005600,10160600,987200,24503300
2024-11-12,223.98373413085938,36.80305099487305,1977.3900146484375,422.1849365234375,224.22999572753906,37.11000061035156,1977.3900146484375,423.0299987792969,225.58999633789062,37.93000030517578,2004.6199951171875,424.44000244140625,223.36000061035156,37.099998474121094,1954.3699951171875,417.20001220703125,224.5500030517578,37.45000076293945,1980.02001953125,418.25,40398300,6793800,637100,19401200
2024-11-13,224.8727569580078,36.50553512573242,1930.949951171875,424.3506164550781,225.1199951171875,36.810001373291016,1930.949951171875,425.20001220703125,226.64999389648438,37.2400016784668,1975.800048828125,429.3299865722656,222.75999450683594,36.72999954223633,1925.3900146484375,418.2099914550781,224.00999450683594,37.13999938964844,1968.1199951171875,421.6400146484375,48566200,6087800,456100,21502200
2024-11-14,227.9693603515625,36.18817901611328,1876.199951171875,426.0372314453125,228.22000122070312,36.4900016784668,1876.199951171875,426.8900146484375,228.8699951171875,37.099998474121094,1923.77001953125,428.1700134277344,225.0,36.470001220703125,1848.0,420.0,225.02000427246094,36.849998474121094,1923.77001953125,425.0,44923900,6044500,547000,30246900
2024-11-15,224.7528839111328,36.41627883911133,1880.0,414.1709899902344,225.0,36.720001220703125,1880.0,415.0,226.9199981689453,36.939998626708984,1885.010009765625,422.79998779296875,224.27000427246094,36.33000183105469,1852.7900390625,413.6400146484375,226.39999389648438,36.380001068115234,1875.9000244140625,419.82000732421875,47923700,7278600,463700,28247600
2024-11-18,227.7695770263672,37.12040328979492,1916.1199951171875,414.9294738769531,228.02000427246094,37.43000030517578,1916.1199951171875,415.760009765625,229.74000549316406,37.72999954223633,1918.8699951171875,418.3999938964844,225.1699981689453,36.849998474121094,1858.3199462890625,412.1000061035156,225.25,36.91999816894531,1880.0,414.8699951171875,44686000,7624800,360500,24742000
2024-11-19,228.02928161621094,36.565032958984375,1916.510009765625,416.9554138183594,228.27999877929688,36.869998931884766,1916.510009765625,417.7900085449219,230.16000366210938,37.2400016784668,1921.4100341796875,417.94000244140625,226.66000366210938,36.70000076293945,1880.0,411.54998779296875,226.97999572753906,37.06999969482422,1892.06005859375,413.1099853515625,36211800,4665400,342900,18133500
2024-11-20,228.7484893798828,36.37660598754883,1931.260009765625,414.65997314453125,229.0,36.68000030517578,1931.260009765625,415.489990234375,229.92999267578125,36.97999954223633,1945.93994140625,417.2900085449219,225.88999938964844,36.41999816894531,1905.4100341796875,410.5799865722656,228.05999755859375,36.869998931884766,1923.52001953125,416.8699951171875,35169600,4929000,439300,19191700
2024-11-21,228.26902770996094,37.596431732177734,1968.1500244140625,412.8699951171875,228.52000427246094,37.90999984741211,1968.1500244140625,412.8699951171875,230.16000366210938,37.959999084472656,1970.56005859375,419.7799987792969,225.7100067138672,36.72999954223633,1880.0,410.2900085449219,228.8800048828125,36.77000045776367,1917.010009765625,419.5,42108300,5969400,385500,20780200
2024-11-22,229.61753845214844,37.814613342285156,2005.0,417.0,229.8699951171875,38.130001068115234,2005.0,417.0,230.72000122070312,38.650001525878906,2007.5799560546875,417.3999938964844,228.05999755859375,37.880001068115234,1955.1700439453125,411.05999755859375,228.05999755859375,37.959999084472656,1967.5,411.3699951171875,38168300,6961100,414200,24814600
2024-11-25,232.61424255371094,38.974937438964844,2099.949951171875,418.7900085449219,232.8699951171875,39.29999923706055,2099.949951171875,418.7900085449219,233.25,39.79999923706055,2106.14990234375,421.0799865722656,229.74000549316406,38.220001220703125,2024.93994140625,414.8500061035156,231.4600067138672,38.4900016784668,2034.0,418.3800048828125,90152800,14160200,655900,27691100
2024-11-26,234.8018341064453,38.776588439941406,2110.0,427.989990234375,235.05999755859375,39.099998474121094,2110.0,427.989990234375,235.57000732421875,39.619998931884766,2146.820068359375,429.0400085449219,233.3300018310547,38.939998626708984,2089.409912109375,418.8500061035156,233.3300018310547,39.25,2094.550048828125,419.5899963378906,45986200,12112400,393000,23458900
2024-11-27,234.67198181152344,34.373313903808594,2044.760009765625,422.989990234375,234.92999267578125,34.65999984741211,2044.760009765625,422.989990234375,235.69000244140625,37.5,2115.199951171875,427.2300109863281,233.80999755859375,33.529998779296875,2038.6700439453125,422.0199890136719,234.47000122070312,36.560001373291016,2110.0,425.1099853515625,33498400,27423800,282300,18332400
2024-11-29,237.06935119628906,35.13694763183594,1985.1700439453125,423.4599914550781,237.3300018310547,35.43000030517578,1985.1700439453125,423.4599914550781,237.80999755859375,35.880001068115234,1998.3499755859375,424.8800048828125,233.97000122070312,34.25,1940.510009765625,417.79998779296875,234.80999755859375,34.25,1984.97998046875,420.0899963378906,28481400,8300900,374200,16271900
2024-12-02,239.3268585205078,36.14850997924805,1952.43994140625,430.9800109863281,239.58999633789062,36.45000076293945,1952.43994140625,430.9800109863281,240.7899932861328,36.599998474121094,2000.0,433.0,237.16000366210938,35.220001220703125,1931.7900390625,421.30999755859375,237.27000427246094,35.75,1988.0,421.57000732421875,48137100,11320900,384800,20207200
2024-12-03,242.3834991455078,36.48569869995117,1929.489990234375,431.20001220703125,242.64999389648438,36.790000915527344,1929.489990234375,431.20001220703125,242.75999450683594,36.91999816894531,1958.3900146484375,432.4700012207031,238.89999389648438,35.88999938964844,1928.1300048828125,427.739990234375,239.80999755859375,36.380001068115234,1952.43994140625,429.8399963378906,38861000,7311400,299500,18302000
2024-12-04,242.74310302734375,36.05925369262695,1987.4300537109375,437.4200134277344,243.00999450683594,36.36000061035156,1987.4300537109375,437.4200134277344,244.11000061035156,36.93000030517578,2000.0,439.6700134277344,241.25,35.959999084472656,1921.6300048828125,432.6300048828125,242.8699951171875,36.88999938964844,1929.489990234375,433.0299987792969,44383900,8736000,367400,26009400
2024-12-05,242.7730712890625,35.87082290649414,1984.949951171875,442.6199951171875,243.0399932861328,36.16999816894531,1984.949951171875,442.6199951171875,244.5399932861328,36.619998931884766,2007.0,444.6600036621094,242.1300048828125,36.029998779296875,1965.5,436.1700134277344,243.99000549316406,36.58000183105469,1979.5400390625,437.9200134277344,40033900,8251100,325500,21697800
2024-12-06,242.5732879638672,35.900577545166016,1947.1800537109375,443.57000732421875,242.83999633789062,36.20000076293945,1947.1800537109375,443.57000732421875,244.6300048828125,36.599998474121094,1994.75,446.1000061035156,242.0800018310547,35.900001525878906,1943.469970703125,441.7699890136719,242.91000366210938,36.45000076293945,1977.969970703125,442.29998779296875,36870600,6583500,311000,18821000
2024-12-09,246.47900390625,36.14850997924805,1844.300048828125,446.0199890136719,246.75,36.45000076293945,1844.300048828125,446.0199890136719,247.24000549316406,36.810001373291016,1965.77001953125,448.3299865722656,241.75,36.119998931884766,1839.989990234375,440.5,241.8300018310547,36.279998779296875,1941.68994140625,442.6000061035156,44649200,6308200,584200,19144400
2024-12-10,247.4978790283203,34.650997161865234,1879.1800537109375,443.3299865722656,247.77000427246094,34.939998626708984,1879.1800537109375,443.3299865722656,248.2100067138672,36.27000045776367,1880.550048828125,449.6199951171875,245.33999633789062,34.900001525878906,1842.6199951171875,441.6000061035156,246.88999938964844,36.150001525878906,1857.0,444.3900146484375,36914800,8015800,393100,18469500
2024-12-11,246.2192840576172,34.54999923706055,1897.8699951171875,448.989990234375,246.49000549316406,34.54999923706055,1897.8699951171875,448.989990234375,250.8000030517578,34.900001525878906,1903.1300048828125,450.3500061035156,246.25999450683594,34.349998474121094,1872.469970703125,444.04998779296875,247.9600067138672,34.849998474121094,1897.969970703125,444.04998779296875,45205800,8183400,283200,19200200
2024-12-12,247.68768310546875,34.97999954223633,1870.77001953125,449.55999755859375,247.9600067138672,34.97999954223633,1870.77001953125,449.55999755859375,248.74000549316406,35.13999938964844,1924.949951171875,456.1600036621094,245.67999267578125,34.2599983215332,1870.77001953125,449.1099853515625,246.88999938964844,34.470001220703125,1892.1600341796875,449.1099853515625,32777500,5143600,231900,20834800
2024-12-13,247.85748291015625,34.54999923706055,1823.8599853515625,447.2699890136719,248.1300048828125,34.54999923706055,1823.8599853515625,447.2699890136719,249.2899932861328,35.08000183105469,1878.4100341796875,451.42999267578125,246.24000549316406,34.349998474121094,1813.02001953125,445.5799865722656,247.82000732421875,35.060001373291016,1857.0,448.44000244140625,33155300,5101500,411200,20177800
2024-12-16,250.7642822265625,34.189998626708984,1796.719970703125,451.5899963378906,251.0399932861328,34.189998626708984,1796.719970703125,451.5899963378906,251.3800048828125,34.779998779296875,1829.6099853515625,452.17999267578125,247.64999389648438,34.04999923706055,1793.5400390625,445.2799987792969,247.99000549316406,34.400001525878906,1825.989990234375,447.2699890136719,51694800,8182200,562900,23598800
2024-12-17,253.20159912109375,33.84000015258789,1809.1199951171875,454.4599914550781,253.47999572753906,33.84000015258789,1809.1199951171875,454.4599914550781,253.8300018310547,34.36000061035156,1826.1199951171875,455.2900085449219,249.77999877929688,33.33000183105469,1780.510009765625,449.57000732421875,250.0800018310547,33.52000045776367,1795.0,451.010009765625,51356400,8290800,559600,22733500
2024-12-18,247.77757263183594,32.4900016784668,1716.3800048828125,437.3900146484375,248.0500030517578,32.4900016784668,1716.3800048828125,437.3900146484375,254.27999877929688,34.06999969482422,1847.97998046875,452.6499938964844,247.74000549316406,32.439998626708984,1701.5,437.0199890136719,252.16000366210938,33.97999954223633,1819.5,451.32000732421875,56774100,10393100,773900,24444500
2024-12-19,249.51565551757812,32.459999084472656,1666.0,437.0299987792969,249.7899932861328,32.459999084472656,1666.0,437.0299987792969,252.0,33.13999938964844,1746.969970703125,443.17999267578125,247.08999633789062,32.27000045776367,1662.77001953125,436.32000732421875,247.5,32.56999969482422,1746.969970703125,441.6199951171875,60882300,7615500,930400,22963700
2024-12-20,254.21051025390625,32.939998626708984,1720.3599853515625,436.6000061035156,254.49000549316406,32.939998626708984,1720.3599853515625,436.6000061035156,255.0,33.189998626708984,1727.1700439453125,443.739990234375,245.69000244140625,32.13999938964844,1646.0,428.6300048828125,248.0399932861328,32.290000915527344,1651.760009765625,433.1099853515625,147495300,17752800,717600,64263700
2024-12-23,254.98965454101562,33.22999954223633,1729.8499755859375,435.25,255.27000427246094,33.22999954223633,1729.8499755859375,435.25,255.64999389648438,33.2599983215332,1758.3199462890625,437.6499938964844,253.4499969482422,32.650001525878906,1719.06005859375,432.8299865722656,254.77000427246094,32.84000015258789,1725.219970703125,436.739990234375,40858800,5241600,502500,19152500
2024-12-24,257.91644287109375,33.439998626708984,1743.2900390625,439.3299865722656,258.20001220703125,33.439998626708984,1743.2900390625,439.3299865722656,258.2099914550781,33.470001220703125,1743.780029296875,439.6000061035156,255.2899932861328,33.16999816894531,1720.0,434.19000244140625,255.49000549316406,33.33000183105469,1730.0,434.6499938964844,23234700,2128100,104900,7164500
2024-12-26,258.7355041503906,33.43000030517578,1732.760009765625,438.1099853515625,259.0199890136719,33.43000030517578,1732.760009765625,438.1099853515625,260.1000061035156,33.650001525878906,1749.97998046875,440.94000244140625,257.6300048828125,33.27000045776367,1727.8399658203125,436.6300048828125,258.19000244140625,33.34000015258789,1743.199951171875,439.0799865722656,27237100,3061100,156000,8194200
2024-12-27,255.30929565429688,33.279998779296875,1725.469970703125,430.5299987792969,255.58999633789062,33.279998779296875,1725.469970703125,430.5299987792969,258.70001220703125,33.38999938964844,1739.5400390625,435.2200012207031,253.05999755859375,32.970001220703125,1711.81005859375,426.3500061035156,257.8299865722656,33.290000915527344,1734.52001953125,434.6000061035156,42355300,4423500,183700,18117700
2024-12-30,251.9230194091797,32.630001068115234,1721.800048828125,424.8299865722656,252.1999969482422,32.630001068115234,1721.800048828125,424.8299865722656,253.5,32.869998931884766,1726.0,427.54998779296875,250.75,32.209999084472656,1693.010009765625,421.8999938964844,252.22999572753906,32.84000015258789,1702.3399658203125,426.05999755859375,35557500,4242800,241800,13158700
2024-12-31,250.1449737548828,32.630001068115234,1700.43994140625,421.5,250.4199981689453,32.630001068115234,1700.43994140625,421.5,253.27999877929688,32.91999816894531,1729.280029296875,426.7300109863281,249.42999267578125,32.439998626708984,1698.530029296875,420.6600036621094,252.44000244140625,32.83000183105469,1721.81005859375,426.1000061035156,39480700,4126600,173200,13246500
2025-01-02,243.5821990966797,32.470001220703125,1765.0,418.5799865722656,243.85000610351562,32.470001220703125,1765.0,418.5799865722656,249.10000610351562,32.83000183105469,1774.0,426.07000732421875,241.82000732421875,32.279998779296875,1707.31005859375,414.8500061035156,248.92999267578125,32.689998626708984,1715.3800048828125,425.5299987792969,55740700,4660500,392000,16896500
2025-01-03,243.0927276611328,33.13999938964844,1834.1700439453125,423.3500061035156,243.36000061035156,33.13999938964844,1834.1700439453125,423.3500061035156,244.17999267578125,33.150001525878906,1850.0,424.0299987792969,241.88999938964844,32.58000183105469,1791.760009765625,419.5400085449219,243.36000061035156,32.83000183105469,1800.1300048828125,421.0799865722656,40244100,5451500,519600,16662900
2025-01-06,244.73092651367188,33.869998931884766,1799.4200439453125,427.8500061035156,245.0,33.869998931884766,1799.4200439453125,427.8500061035156,247.3300018310547,34.16999816894531,1851.300048828125,434.32000732421875,243.1999969482422,33.40999984741211,1781.56005859375,425.4800109863281,244.30999755859375,33.529998779296875,1851.300048828125,428.0,45045600,7757500,365500,20573600
2025-01-07,241.94400024414062,33.66999816894531,1771.219970703125,422.3699951171875,242.2100067138672,33.66999816894531,1771.219970703125,422.3699951171875,245.5500030517578,34.45000076293945,1805.8800048828125,430.6499938964844,241.35000610351562,33.45000076293945,1762.780029296875,420.79998779296875,242.97999572753906,34.02000045776367,1799.010009765625,429.0,40856000,5343700,307400,18139100
2025-01-08,242.43344116210938,33.45000076293945,1739.0,424.55999755859375,242.6999969482422,33.45000076293945,1739.0,424.55999755859375,243.7100067138672,33.54999923706055,1761.0,426.9700012207031,240.0500030517578,33.0,1731.1199951171875,421.5400085449219,241.9199981689453,33.5,1750.0,423.4599914550781,37628900,4891900,388800,15054600
2025-01-10,236.58987426757812,33.20000076293945,1758.77001953125,418.95001220703125,236.85000610351562,33.20000076293945,1758.77001953125,418.95001220703125,240.16000366210938,33.45000076293945,1780.6199951171875,424.7099914550781,233.0,32.88999938964844,1727.4100341796875,415.0199890136719,240.00999450683594,33.11000061035156,1730.1500244140625,424.6300048828125,61710900,6222500,364800,20201100
2025-01-13,234.14256286621094,32.619998931884766,1740.0,417.19000244140625,234.39999389648438,32.619998931884766,1740.0,417.19000244140625,234.6699981689453,33.09000015258789,1749.02001953125,418.5,229.72000122070312,32.470001220703125,1730.1400146484375,412.2900085449219,233.52999877929688,33.09000015258789,1740.0,415.239990234375,49630700,7062900,298600,17604800
2025-01-14,233.02378845214844,32.66999816894531,1753.6099853515625,415.6700134277344,233.27999877929688,32.66999816894531,1753.6099853515625,415.6700134277344,236.1199951171875,33.150001525878906,1776.1500244140625,419.739990234375,232.47000122070312,32.369998931884766,1746.43994140625,410.7200012207031,234.75,32.900001525878906,1751.0,417.80999755859375,39435300,5518000,240200,16935900
2025-01-15,237.60874938964844,32.790000915527344,1838.1500244140625,426.30999755859375,237.8699951171875,32.790000915527344,1838.1500244140625,426.30999755859375,238.9600067138672,33.54999923706055,1843.530029296875,428.1499938964844,234.42999267578125,32.70000076293945,1785.030029296875,418.2699890136719,234.63999938964844,33.369998931884766,1795.0,419.1300048828125,39832000,7227000,364000,19637800
2025-01-16,228.00930786132812,32.349998474121094,1837.1800537109375,424.5799865722656,228.25999450683594,32.349998474121094,1837.1800537109375,424.5799865722656,238.00999450683594,32.72999954223633,1851.3900146484375,429.489990234375,228.02999877929688,32.34000015258789,1815.06005859375,424.3900146484375,237.35000610351562,32.720001220703125,1841.3800048828125,428.70001220703125,71759100,7973500,242000,15300000
2025-01-17,229.7274169921875,32.5099983215332,1836.0,429.0299987792969,229.97999572753906,32.5099983215332,1836.0,429.0299987792969,232.2899932861328,33.0,1876.4200439453125,434.4800109863281,228.47999572753906,32.5,1832.9100341796875,428.1700134277344,232.1199951171875,32.720001220703125,1876.4200439453125,434.0899963378906,68488300,8455700,245100,26197500
2025-01-21,222.39547729492188,32.95000076293945,1834.510009765625,428.5,222.63999938964844,32.95000076293945,1834.510009765625,428.5,224.4199981689453,32.97999954223633,1863.31005859375,430.8999938964844,219.3800048828125,32.220001220703125,1829.1199951171875,425.6000061035156,224.0,32.41999816894531,1852.6600341796875,430.20001220703125,98070400,7758200,262800,26085700
2025-01-22,223.58416748046875,33.130001068115234,1818.489990234375,446.20001220703125,223.8300018310547,33.130001068115234,1818.489990234375,446.20001220703125,224.1199951171875,33.56999969482422,1885.0,447.2699890136719,219.7899932861328,32.84000015258789,1808.02001953125,436.0,219.7899932861328,33.040000915527344,1847.9599609375,437.55999755859375,64126500,5184300,402800,27803800
2025-01-23,223.41436767578125,33.380001068115234,1828.72998046875,446.7099914550781,223.66000366210938,33.380001068115234,1828.72998046875,446.7099914550781,227.02999877929688,33.529998779296875,1834.47998046875,446.75,222.3000030517578,32.7599983215332,1793.0,441.5,224.74000549316406,33.08000183105469,1818.0,442.0,60234800,4623500,267800,18389300
2025-01-24,222.5353240966797,32.72999954223633,1843.449951171875,444.05999755859375,222.77999877929688,32.72999954223633,1843.449951171875,444.05999755859375,225.6300048828125,33.52000045776367,1871.449951171875,446.6499938964844,221.41000366210938,32.630001068115234,1835.1600341796875,441.3999938964844,224.77999877929688,33.5099983215332,1839.56005859375,445.1600036621094,54697900,4048900,325000,15549500
2025-01-27,229.6075439453125,33.33000183105469,1846.0,434.55999755859375,229.86000061035156,33.33000183105469,1846.0,434.55999755859375,232.14999389648438,33.36000061035156,1859.2099609375,435.20001220703125,223.97999572753906,32.310001373291016,1787.260009765625,423.5,224.02000427246094,32.529998779296875,1800.06005859375,424.010009765625,94863400,10177000,355800,35647800
2025-01-28,237.99832153320312,32.7400016784668,1895.530029296875,447.20001220703125,238.25999450683594,32.7400016784668,1895.530029296875,447.20001220703125,240.19000244140625,33.20000076293945,1905.0,448.3800048828125,230.80999755859375,32.290000915527344,1826.530029296875,431.3800048828125,230.85000610351562,33.189998626708984,1847.5899658203125,434.6000061035156,75707600,5955800,351700,23491700
2025-01-29,239.0971221923828,32.61000061035156,1889.760009765625,442.3299865722656,239.36000061035156,32.61000061035156,1889.760009765625,442.3299865722656,239.86000061035156,33.060001373291016,1902.0,446.8800048828125,234.00999450683594,32.560001373291016,1869.4300537109375,440.3999938964844,234.1199951171875,33.04999923706055,1900.52001953125,446.69000244140625,45486100,4039400,181800,23581400
2025-01-30,237.3290557861328,32.79999923706055,1947.3199462890625,414.989990234375,237.58999633789062,32.79999923706055,1947.3199462890625,414.989990234375,240.7899932861328,33.08000183105469,1976.5,422.8599853515625,237.2100067138672,32.689998626708984,1913.06005859375,413.1600036621094,238.6699981689453,33.02000045776367,1921.72998046875,418.7699890136719,55658300,3611700,486900,54586300
2025-01-31,235.74081420898438,32.5,1922.18994140625,415.05999755859375,236.0,32.5,1922.18994140625,415.05999755859375,247.19000244140625,33.33000183105469,1974.1600341796875,420.69000244140625,233.44000244140625,32.41999816894531,1918.9599609375,414.9100036621094,247.19000244140625,32.97999954223633,1950.0,418.9800109863281,101075100,6179200,281400,34223400
