Price,Adj Close,Adj Close,Close,Close,High,High,Low,Low,Open,Open,Volume,Volume
Ticker,IWM,QQQ,IWM,QQQ,IWM,QQQ,IWM,QQQ,IWM,QQQ,IWM,QQQ
Date,,,,,,,,,,,,
2024-02-01,193.1676788330078,419.3877258300781,195.44000244140625,421.8800048828125,195.74000549316406,422.3800048828125,191.52999877929688,417.80999755859375,194.30999755859375,418.7900085449219,59479000,51008600
2024-02-02,192.149658203125,426.4756164550781,194.41000366210938,429.010009765625,195.5,430.239990234375,192.38999938964844,422.7900085449219,193.24000549316406,423.79998779296875,52825000,59582300
2024-02-05,189.70838928222656,425.9189147949219,191.94000244140625,428.45001220703125,193.11000061035156,429.6099853515625,190.05999755859375,425.0,192.47000122070312,429.07000732421875,39751900,39889200
2024-02-06,191.4182586669922,425.0639953613281,193.6699981689453,427.5899963378906,193.8000030517578,430.2200012207031,191.02000427246094,425.2200012207031,191.6999969482422,429.6099853515625,34689100,35846100
2024-02-07,190.97349548339844,429.43798828125,193.22000122070312,431.989990234375,194.14999389648438,432.8299865722656,192.0399932861328,429.0899963378906,194.07000732421875,430.4100036621094,31713900,37712700
2024-02-08,193.8694305419922,430.2333068847656,196.14999389648438,432.7900085449219,196.3699951171875,433.55999755859375,192.7100067138672,431.4200134277344,193.36000061035156,432.1099853515625,35370800,29889900
2024-02-09,197.02235412597656,434.46807861328125,199.33999633789062,437.04998779296875,199.5500030517578,437.8500061035156,196.4499969482422,433.1400146484375,196.9199981689453,433.94000244140625,46107100,36943900
2024-02-12,200.60025024414062,432.7681884765625,202.9600067138672,435.3399963378906,203.5500030517578,439.1400146484375,199.83999633789062,434.6499938964844,199.8699951171875,436.94000244140625,43291000,33203300
2024-02-13,192.3473358154297,426.018310546875,194.61000061035156,428.54998779296875,197.6300048828125,431.2699890136719,193.05999755859375,425.3299865722656,196.22000122070312,427.2799987792969,86247400,64491700
2024-02-14,196.81478881835938,430.66070556640625,199.1300048828125,433.2200012207031,199.7899932861328,433.6499938964844,196.22999572753906,428.8800048828125,197.67999267578125,431.260009765625,43808000,45092700
2024-02-15,202.0630340576172,431.9430847167969,204.44000244140625,434.510009765625,204.77000427246094,434.9800109863281,200.72000122070312,431.3299865722656,200.99000549316406,433.9200134277344,44931900,38796100
2024-02-16,199.31536865234375,428.02642822265625,201.66000366210938,430.57000732421875,203.6999969482422,434.989990234375,201.08999633789062,429.8500061035156,202.1199951171875,434.8900146484375,48318300,53661500
2024-02-20,196.5677032470703,424.79559326171875,198.8800048828125,427.32000732421875,199.72000122070312,430.0799865722656,198.00999450683594,423.5,199.14999389648438,428.54998779296875,30547500,53999500
2024-02-21,195.6386260986328,423.095703125,197.94000244140625,425.6099853515625,198.35000610351562,425.70001220703125,196.38999938964844,421.6300048828125,197.66000366210938,424.54998779296875,28821500,50179700
2024-02-22,197.1211700439453,435.4820556640625,199.44000244140625,438.07000732421875,200.08999633789062,439.1199951171875,197.80999755859375,433.7099914550781,198.64999389648438,434.489990234375,38184700,53887800
2024-02-23,197.56594848632812,434.1996765136719,199.88999938964844,436.7799987792969,201.13999938964844,440.5899963378906,198.57000732421875,435.7900085449219,199.60000610351562,439.6499938964844,37667700,39853900
2024-02-26,198.81129455566406,433.9710388183594,201.14999389648438,436.54998779296875,201.63999938964844,438.6000061035156,199.14999389648438,436.3599853515625,199.69000244140625,437.6000061035156,29118200,33043200
2024-02-27,201.628173828125,435.0148620605469,204.0,437.6000061035156,204.22000122070312,437.989990234375,202.5399932861328,435.0299987792969,203.0800018310547,437.6700134277344,32268600,33713200
2024-02-28,199.9676971435547,432.6986389160156,202.32000732421875,435.2699890136719,203.86000061035156,436.6700134277344,201.8699951171875,434.29998779296875,202.44000244140625,435.42999267578125,30143900,32938800
2024-02-29,201.36129760742188,436.4065856933594,203.72999572753906,439.0,206.0399932861328,440.0899963378906,202.52000427246094,435.0199890136719,205.17999267578125,438.2300109863281,40404100,42495200
2024-03-01,203.49620056152344,442.9775390625,205.88999938964844,445.6099853515625,206.3300018310547,446.5799865722656,203.13999938964844,439.8399963378906,204.52999877929688,439.8999938964844,35131200,43809200
2024-03-04,203.30838012695312,441.39691162109375,205.6999969482422,444.0199890136719,207.77000427246094,446.0400085449219,205.4499969482422,443.7699890136719,207.02999877929688,445.6099853515625,24785400,34325700
2024-03-05,201.36129760742188,433.4739685058594,203.72999572753906,436.04998779296875,205.91000366210938,440.95001220703125,203.00999450683594,433.6499938964844,204.3000030517578,440.94000244140625,34163500,57917100
2024-03-06,202.86363220214844,436.19781494140625,205.25,438.7900085449219,206.0800018310547,441.989990234375,204.0800018310547,436.8900146484375,206.02999877929688,440.32000732421875,34255200,46234500
2024-03-07,204.5537567138672,442.8185119628906,206.9600067138672,445.45001220703125,208.10000610351562,446.7200012207031,206.39999389648438,440.8599853515625,206.6999969482422,442.4200134277344,28020200,44526700
2024-03-08,204.42526245117188,436.42645263671875,206.8300018310547,439.0199890136719,210.41000366210938,448.6400146484375,205.8000030517578,438.3399963378906,208.74000549316406,445.80999755859375,41430500,71954300
2024-03-11,202.8043212890625,434.80609130859375,205.19000244140625,437.3900146484375,206.83999633789062,438.6600036621094,204.75,435.44000244140625,205.9600067138672,437.510009765625,24435800,45860000
2024-03-12,202.52757263183594,441.0390319824219,204.91000366210938,443.6600036621094,205.9199981689453,444.0199890136719,203.38999938964844,436.4599914550781,205.14999389648438,439.7300109863281,34958900,55300900
2024-03-13,203.31829833984375,437.64923095703125,205.7100067138672,440.25,206.5800018310547,442.6700134277344,204.77000427246094,439.1199951171875,204.8699951171875,442.6499938964844,25140700,37928700
2024-03-14,199.68106079101562,436.5457763671875,202.02999877929688,439.1400146484375,205.27999877929688,442.0299987792969,200.1699981689453,436.3900146484375,205.0500030517578,441.5,47509100,52195200
2024-03-15,200.05665588378906,431.35662841796875,202.41000366210938,433.9200134277344,203.0800018310547,438.8699951171875,201.1300048828125,432.739990234375,201.25,436.07000732421875,53201700,73038800
2024-03-18,198.9101104736328,435.47064208984375,201.25,437.4800109863281,203.17999267578125,441.0400085449219,200.91000366210938,437.239990234375,202.91000366210938,438.7300109863281,32405100,47323800
2024-03-19,199.75025939941406,436.55560302734375,202.10000610351562,438.57000732421875,202.75,438.9800109863281,199.66000366210938,433.3299865722656,199.77999877929688,435.45001220703125,29864100,43004100
2024-03-20,203.7037353515625,441.73175048828125,206.10000610351562,443.7699890136719,206.99000549316406,444.1099853515625,201.11000061035156,438.05999755859375,201.52000427246094,439.7799987792969,49609600,43653500
2024-03-21,206.04421997070312,443.82208251953125,207.94000244140625,445.8699951171875,208.9499969482422,449.3399963378906,206.83999633789062,445.6700134277344,207.0,448.8800048828125,43067300,39345700
2024-03-22,203.20037841796875,444.3297424316406,205.07000732421875,446.3800048828125,208.24000549316406,447.489990234375,205.07000732421875,444.489990234375,207.85000610351562,445.3500061035156,28422000,28229300
2024-03-25,203.6660919189453,442.7171630859375,205.5399932861328,444.760009765625,207.00999450683594,446.260009765625,205.50999450683594,442.5400085449219,205.72000122070312,443.54998779296875,20107800,27789200
2024-03-26,203.29946899414062,441.2837829589844,205.1699981689453,443.32000732421875,207.63999938964844,447.2300109863281,204.99000549316406,443.0899963378906,207.0500030517578,446.29998779296875,23434800,34142000
2024-03-27,207.7287139892578,442.786865234375,209.63999938964844,444.8299865722656,209.7100067138672,446.5400085449219,206.16000366210938,441.92999267578125,206.8000030517578,446.44000244140625,35028400,41359200
2024-03-28,208.38270568847656,441.97064208984375,210.3000030517578,444.010009765625,211.8800048828125,445.6400146484375,209.83999633789062,443.6499938964844,210.0800018310547,444.7799987792969,37675100,36839600
2024-04-01,206.42076110839844,442.90631103515625,208.32000732421875,444.95001220703125,210.8000030517578,447.5299987792969,207.9600067138672,443.0199890136719,210.77000427246094,444.9700012207031,25684200,38729000
2024-04-02,202.62567138671875,439.08392333984375,204.49000549316406,441.1099853515625,205.8800048828125,441.42999267578125,203.39999389648438,438.0299987792969,205.75,440.0799865722656,36632100,44259700
2024-04-03,203.95346069335938,440.0694274902344,205.8300018310547,442.1000061035156,206.39999389648438,444.0,203.27999877929688,438.95001220703125,203.3800048828125,438.9599914550781,27362800,39949800
2024-04-04,201.91224670410156,433.3404541015625,203.77000427246094,435.3399963378906,208.5500030517578,446.95001220703125,203.2100067138672,435.1099853515625,208.0500030517578,446.3299865722656,32265200,57267700
2024-04-05,202.5860137939453,438.4468994140625,204.4499969482422,440.4700012207031,205.6999969482422,443.1700134277344,202.8800048828125,435.9599914550781,203.13999938964844,436.7799987792969,27561000,54723000
2024-04-08,203.69583129882812,438.5763244628906,205.57000732421875,440.6000061035156,206.4199981689453,442.5,204.5800018310547,439.20001220703125,205.97999572753906,441.4100036621094,21331000,28144900
2024-04-09,204.49844360351562,440.1988220214844,206.3800048828125,442.2300109863281,206.97000122070312,443.239990234375,204.47000122070312,437.44000244140625,206.22000122070312,442.9599914550781,23330900,39521600
2024-04-10,199.09811401367188,436.3565368652344,200.92999267578125,438.3699951171875,202.92999267578125,439.239990234375,199.5399932861328,436.2799987792969,201.17999267578125,437.0,57130500,61502200
2024-04-11,200.4457244873047,443.3243713378906,202.2899932861328,445.3699951171875,202.91000366210938,446.3299865722656,200.10000610351562,437.9599914550781,201.97000122070312,440.260009765625,37184000,45474600
2024-04-12,196.87855529785156,436.2569885253906,198.69000244140625,438.2699890136719,201.91000366210938,442.239990234375,197.67999267578125,436.8800048828125,201.22999572753906,441.1000061035156,35367400,53602600
2024-04-15,193.99508666992188,429.0801086425781,195.77999877929688,431.05999755859375,200.22999572753906,442.1499938964844,194.97999572753906,430.2099914550781,199.3699951171875,442.05999755859375,41119300,63453600
2024-04-16,193.28164672851562,429.11993408203125,195.05999755859375,431.1000061035156,196.24000549316406,433.760009765625,193.36000061035156,429.70001220703125,194.41000366210938,430.8999938964844,43267500,47619000
2024-04-17,191.24041748046875,423.8840637207031,193.0,425.8399963378906,196.6199951171875,433.1199951171875,192.99000549316406,424.8999938964844,196.47000122070312,433.1000061035156,38589500,56880500
2024-04-18,191.08187866210938,421.46527099609375,192.83999633789062,423.4100036621094,195.66000366210938,428.239990234375,192.14999389648438,422.8299865722656,193.6999969482422,426.489990234375,40238200,46549400
2024-04-19,191.379150390625,412.7454528808594,193.13999938964844,414.6499938964844,194.38999938964844,422.75,191.33999633789062,413.07000732421875,191.94000244140625,422.2200012207031,42499200,75136600
2024-04-22,193.51947021484375,416.8963317871094,195.3000030517578,418.82000732421875,196.3000030517578,421.17999267578125,192.89999389648438,413.94000244140625,194.2100067138672,417.30999755859375,31553000,47807700
2024-04-23,196.7596435546875,423.11761474609375,198.57000732421875,425.07000732421875,199.32000732421875,426.2799987792969,195.1300048828125,418.8699951171875,195.25999450683594,420.7699890136719,31838300,44384700
2024-04-24,195.8777618408203,424.551025390625,197.67999267578125,426.510009765625,198.91000366210938,429.7300109863281,196.4600067138672,424.20001220703125,198.1699981689453,428.20001220703125,28791700,48440300
2024-04-25,194.6886749267578,422.50048828125,196.47999572753906,424.45001220703125,196.8300018310547,425.32000732421875,193.77000427246094,418.1400146484375,195.44000244140625,419.239990234375,31915600,57392200
2024-04-26,196.5515594482422,429.0203857421875,198.36000061035156,431.0,198.88999938964844,432.54998779296875,196.4199981689453,426.9200134277344,197.0,427.6199951171875,24613600,41874900
2024-04-29,198.13697814941406,430.7623596191406,199.9600067138672,432.75,200.41000366210938,433.760009765625,198.8800048828125,429.9800109863281,199.25,433.1300048828125,20494600,30022200
2024-04-30,194.1139678955078,422.63983154296875,195.89999389648438,424.5899963378906,198.64999389648438,432.55999755859375,195.75,424.510009765625,198.11000061035156,431.1499938964844,30606800,43665900
2024-05-01,194.52023315429688,419.5838928222656,196.30999755859375,421.5199890136719,200.32000732421875,430.1400146484375,195.02999877929688,420.6600036621094,195.8800048828125,423.1499938964844,38782100,52251700
2024-05-02,198.0973358154297,424.939208984375,199.9199981689453,426.8999938964844,200.1199951171875,427.80999755859375,196.5399932861328,420.6300048828125,198.77999877929688,425.29998779296875,27201000,36559000
2024-05-03,200.0592803955078,433.4798278808594,201.89999389648438,435.4800109863281,204.16000366210938,436.4800109863281,201.1199951171875,432.6199951171875,203.41000366210938,434.44000244140625,30880600,48515300
2024-05-06,202.64549255371094,438.2279052734375,204.50999450683594,440.25,204.77999877929688,440.3399963378906,203.3800048828125,436.5199890136719,203.47000122070312,437.29998779296875,23129800,30227200
2024-05-07,203.10130310058594,438.2975769042969,204.97000122070312,440.32000732421875,206.14999389648438,441.9700012207031,204.5,439.5799865722656,204.77000427246094,440.70001220703125,20116900,30996100
2024-05-08,201.92214965820312,438.0387878417969,203.77999877929688,440.05999755859375,203.9600067138672,441.4800109863281,202.55999755859375,437.54998779296875,202.72000122070312,437.6700134277344,18349400,24896700
2024-05-09,203.98318481445312,438.9943542480469,205.86000061035156,441.0199890136719,205.99000549316406,441.6000061035156,203.41000366210938,438.4599914550781,203.97000122070312,440.3299865722656,22914300,24580100
2024-05-10,202.44729614257812,440.02960205078125,204.30999755859375,442.05999755859375,206.6199951171875,444.30999755859375,203.67999267578125,440.5,206.35000610351562,442.5400085449219,21520200,27116600
2024-05-13,202.87339782714844,441.0448913574219,204.74000549316406,443.0799865722656,206.5500030517578,444.0899963378906,204.60000610351562,441.6499938964844,206.0800018310547,443.989990234375,18585300,22994200
2024-05-14,204.97406005859375,443.8818359375,206.86000061035156,445.92999267578125,207.74000549316406,446.4700012207031,205.91000366210938,442.4599914550781,207.1300048828125,442.6499938964844,33169000,34478300
2024-05-15,207.53054809570312,450.8197937011719,209.44000244140625,452.8999938964844,209.77000427246094,453.1499938964844,207.72000122070312,446.8999938964844,209.2100067138672,448.42999267578125,33412300,41464700
2024-05-16,206.0343017578125,449.9040222167969,207.92999267578125,451.9800109863281,209.35000610351562,454.69000244140625,207.92999267578125,451.80999755859375,208.89999389648438,452.7099914550781,26731100,34780400
2024-05-17,206.1829376220703,449.6850280761719,208.0800018310547,451.760009765625,208.52000427246094,452.7200012207031,207.35000610351562,449.5400085449219,208.00999450683594,452.1099853515625,35219800,35803700
2024-05-20,206.63873291015625,452.8205871582031,208.5399932861328,454.9100036621094,209.47999572753906,455.5799865722656,207.77999877929688,451.7900085449219,208.02000427246094,451.9800109863281,15695900,24474200
2024-05-21,206.44056701660156,453.7064514160156,208.33999633789062,455.79998779296875,208.69000244140625,455.989990234375,207.58999633789062,452.8399963378906,207.8300018310547,453.0400085449219,13466800,23167700
2024-05-22,204.6966094970703,453.61688232421875,206.5800018310547,455.7099914550781,208.22000122070312,456.82000732421875,205.8000030517578,453.0799865722656,207.52999877929688,456.05999755859375,20853100,25120000
2024-05-23,201.3375244140625,451.5763244628906,203.19000244140625,453.6600036621094,207.6199951171875,460.5799865722656,202.35000610351562,451.8500061035156,207.50999450683594,460.54998779296875,34039800,40899200
2024-05-24,203.5670166015625,455.8466491699219,205.44000244140625,457.95001220703125,205.67999267578125,459.2300109863281,203.9600067138672,453.57000732421875,204.7899932861328,455.2900085449219,19905800,29651000
2024-05-28,203.28956604003906,457.56866455078125,205.16000366210938,459.67999267578125,207.08999633789062,459.739990234375,203.97000122070312,456.69000244140625,206.97000122070312,459.17999267578125,18475900,26216800
2024-05-29,200.2871856689453,454.3435363769531,202.1300048828125,456.44000244140625,203.00999450683594,458.239990234375,201.77999877929688,455.3399963378906,202.52999877929688,455.4800109863281,25654800,29739200
2024-05-30,202.18968200683594,449.4759826660156,204.0500030517578,451.54998779296875,204.94000244140625,455.6400146484375,203.0800018310547,450.2099914550781,203.52000427246094,455.5,20537500,30714100
2024-05-31,203.89401245117188,448.63983154296875,205.77000427246094,450.7099914550781,206.27999877929688,452.4800109863281,203.0800018310547,443.05999755859375,204.9499969482422,451.7799987792969,25784900,55941300
2024-06-03,202.74456787109375,451.04876708984375,204.61000061035156,453.1300048828125,207.55999755859375,455.5799865722656,203.14999389648438,447.8999938964844,207.52999877929688,454.57000732421875,23902900,32997500
2024-06-04,200.12864685058594,452.2830505371094,201.97000122070312,454.3699951171875,204.5,455.5799865722656,201.64999389648438,451.1300048828125,203.14999389648438,452.8699951171875,27098900,23767400
2024-06-05,203.19046020507812,461.4009704589844,205.05999755859375,463.5299987792969,205.05999755859375,463.6099853515625,201.7899932861328,454.4100036621094,203.3000030517578,457.9800109863281,20707600,33817400
2024-06-06,201.73387145996094,461.24169921875,203.58999633789062,463.3699951171875,204.80999755859375,464.5400085449219,202.99000549316406,462.19000244140625,204.17999267578125,464.2200012207031,17335500,21966800
2024-06-07,199.36566162109375,460.8335876464844,201.1999969482422,462.9599914550781,203.1699981689453,465.739990234375,200.67999267578125,461.8399963378906,201.52999877929688,463.0,26036000,25829700
2024-06-10,200.04937744140625,462.6949768066406,201.88999938964844,464.8299865722656,202.1300048828125,465.19000244140625,199.00999450683594,461.5299987792969,199.52000427246094,461.82000732421875,25115600,20719800
2024-06-11,199.36575317382812,465.8703308105469,200.63999938964844,468.0199890136719,201.02000427246094,468.1400146484375,198.4199981689453,462.0299987792969,199.63999938964844,463.5400085449219,23768400,22053300
2024-06-12,202.4261932373047,471.97216796875,203.72000122070312,474.1499938964844,207.27000427246094,476.5,203.10000610351562,471.2900085449219,205.8699951171875,471.989990234375,43668700,34532600
2024-06-13,200.65750122070312,474.5303955078125,201.94000244140625,476.7200012207031,203.5399932861328,478.3900146484375,200.50999450683594,474.4200134277344,203.27000427246094,477.7200012207031,28021100,25859000
2024-06-14,197.46788024902344,476.9890441894531,198.72999572753906,479.19000244140625,200.0399932861328,479.260009765625,197.94000244140625,476.04998779296875,199.55999755859375,476.5199890136719,33453700,23372600
2024-06-17,199.1272735595703,482.83209228515625,200.39999389648438,485.05999755859375,200.9499969482422,486.8599853515625,197.41000366210938,478.1400146484375,198.1199951171875,479.4599914550781,25538100,37054500
2024-06-18,199.4750518798828,482.98138427734375,200.75,485.2099914550781,201.69000244140625,485.8999938964844,200.02999877929688,483.42999267578125,200.4600067138672,485.010009765625,25446900,24438600
2024-06-20,198.6304473876953,479.25860595703125,199.89999389648438,481.4700012207031,201.86000061035156,486.8399963378906,199.22000122070312,479.6199951171875,200.32000732421875,486.4200134277344,27999700,33918700
2024-06-21,199.0775909423828,477.9745178222656,200.35000610351562,480.17999267578125,200.41000366210938,482.5400085449219,198.4600067138672,478.6700134277344,199.92999267578125,481.19000244140625,37570300,39432900
2024-06-24,199.94207763671875,472.5329284667969,201.22000122070312,473.9599914550781,202.69000244140625,479.92999267578125,200.52999877929688,473.82000732421875,200.69000244140625,478.17999267578125,22289600,37751000
2024-06-25,199.2862548828125,477.9366149902344,200.55999755859375,479.3800048828125,201.16000366210938,479.67999267578125,199.82000732421875,475.1199951171875,201.1300048828125,476.07000732421875,16150600,29250200
2024-06-26,198.75961303710938,478.92364501953125,200.02999877929688,480.3699951171875,200.5800018310547,480.9200134277344,198.80999755859375,478.1300048828125,199.3300018310547,478.54998779296875,19313500,22737100
2024-06-27,200.7767333984375,480.1598815917969,202.05999755859375,481.6099853515625,202.14999389648438,483.1000061035156,199.9600067138672,479.29998779296875,200.6300048828125,480.1199951171875,17432600,26222100
2024-06-28,201.60147094726562,477.66741943359375,202.88999938964844,479.1099853515625,204.63999938964844,487.20001220703125,201.32000732421875,478.4599914550781,203.8800048828125,482.4100036621094,35026000,34881600
2024-07-01,199.91224670410156,480.468994140625,201.19000244140625,481.9200134277344,203.82000732421875,482.489990234375,200.47999572753906,476.260009765625,203.52000427246094,480.0400085449219,21886200,24898300
2024-07-02,200.59786987304688,485.5137634277344,201.8800048828125,486.9800109863281,202.27000427246094,487.0400085449219,200.89999389648438,480.2799987792969,201.52000427246094,480.4100036621094,17219100,26723600
2024-07-03,200.54818725585938,489.5615234375,201.8300018310547,491.0400085449219,203.27999877929688,491.1700134277344,201.6300048828125,486.2200012207031,202.25,486.2200012207031,15167200,18064900
2024-07-05,199.59426879882812,494.6661071777344,200.8699951171875,496.1600036621094,201.6300048828125,496.6000061035156,199.8800048828125,491.5899963378906,201.2100067138672,491.8900146484375,17282500,28495900
2024-07-08,200.99533081054688,495.842529296875,202.27999877929688,497.3399963378906,203.6999969482422,497.8999938964844,201.83999633789062,495.5,202.50999450683594,496.5299987792969,20823800,22109400
2024-07-09,200.1209259033203,496.271240234375,201.39999389648438,497.7699890136719,202.52000427246094,500.0,200.52999877929688,496.239990234375,201.9199981689453,498.8699951171875,17864200,25614500
2024-07-10,202.07839965820312,501.44561767578125,203.3699951171875,502.9599914550781,203.58999633789062,503.5199890136719,201.49000549316406,498.3900146484375,202.2899932861328,499.7099914550781,19286100,28046900
2024-07-11,209.34197998046875,490.4488220214844,210.67999267578125,491.92999267578125,211.22999572753906,503.2799987792969,206.94000244140625,490.7300109863281,207.89999389648438,503.07000732421875,65443600,49966600
2024-07-12,211.78636169433594,493.33013916015625,213.13999938964844,494.82000732421875,214.94000244140625,499.6199951171875,212.66000366210938,492.0400085449219,212.9199981689453,492.510009765625,50810700,37109400
2024-07-15,215.81063842773438,494.6561279296875,217.19000244140625,496.1499938964844,218.24000549316406,501.010009765625,214.3000030517578,494.0899963378906,214.7899932861328,496.6099853515625,48925300,31151400
2024-07-16,223.173583984375,494.8455505371094,224.60000610351562,496.3399963378906,224.86000061035156,498.44000244140625,219.02000427246094,493.1499938964844,219.13999938964844,497.6199951171875,67945700,25950600
2024-07-17,220.83851623535156,480.3194274902344,222.25,481.7699890136719,226.63999938964844,488.79998779296875,221.66000366210938,481.70001220703125,222.36000061035156,488.2799987792969,66092100,56268800
2024-07-18,216.56581115722656,478.0462646484375,217.9499969482422,479.489990234375,224.77999877929688,485.7099914550781,216.97999572753906,476.2699890136719,221.41000366210938,485.5299987792969,53180000,49347400
2024-07-19,215.46286010742188,473.8090515136719,216.83999633789062,475.239990234375,218.64999389648438,481.69000244140625,215.85000610351562,473.94000244140625,217.6300048828125,479.1499938964844,37933500,42042900
2024-07-22,218.8909454345703,480.8677673339844,220.2899932861328,482.32000732421875,220.64999389648438,483.3500061035156,215.3800048828125,477.7099914550781,217.67999267578125,481.1600036621094,36185900,40300000
2024-07-23,221.21609497070312,479.1728820800781,222.6300048828125,480.6199951171875,223.75,484.42999267578125,219.0399932861328,480.1400146484375,219.2100067138672,481.4100036621094,44884600,23282500
2024-07-24,216.46644592285156,461.98480224609375,217.85000610351562,463.3800048828125,223.86000061035156,474.19000244140625,217.72000122070312,462.510009765625,221.07000732421875,473.82000732421875,42443000,58818600
2024-07-25,219.169189453125,456.8901672363281,220.57000732421875,458.2699890136719,224.02000427246094,467.94000244140625,218.1999969482422,455.6300048828125,218.4499969482422,463.7200012207031,45053100,59256800
2024-07-26,222.79598999023438,461.5760498046875,224.22000122070312,462.9700012207031,225.38999938964844,465.92999267578125,221.6999969482422,459.7699890136719,223.89999389648438,462.6499938964844,40822600,39992100
2024-07-29,220.32180786132812,462.5032043457031,221.72999572753906,463.8999938964844,225.4199981689453,467.9100036621094,220.77000427246094,461.6199951171875,224.7100067138672,465.7099914550781,33869700,28218500
2024-07-30,221.15647888183594,456.1524353027344,222.57000732421875,457.5299987792969,224.4600067138672,466.55999755859375,221.11000061035156,454.1499938964844,222.72000122070312,465.8500061035156,26876800,41317200
2024-07-31,222.4382781982422,469.6516418457031,223.86000061035156,471.07000732421875,228.6300048828125,472.7900085449219,221.97999572753906,466.4100036621094,223.7100067138672,467.8699951171875,52387700,44552100
2024-08-01,215.2045135498047,458.2760009765625,216.5800018310547,459.6600036621094,224.88999938964844,475.54998779296875,215.05999755859375,455.9800109863281,223.77000427246094,471.760009765625,71508100,56653900
2024-08-02,207.59317016601562,447.39886474609375,208.9199981689453,448.75,211.19000244140625,453.57000732421875,206.99000549316406,444.4700012207031,208.85000610351562,450.8900146484375,66850200,66323200
2024-08-05,200.91583251953125,434.05914306640625,202.1999969482422,435.3699951171875,204.74000549316406,442.2900085449219,196.6999969482422,423.45001220703125,197.89999389648438,424.7099914550781,65683100,87483500
2024-08-06,203.10186767578125,438.20660400390625,204.39999389648438,439.5299987792969,207.25,447.07000732421875,201.1999969482422,434.55999755859375,203.00999450683594,437.2300109863281,37072500,63164400
2024-08-07,200.69723510742188,433.4609069824219,201.97999572753906,434.7699890136719,207.9600067138672,449.0,201.55999755859375,434.3699951171875,207.85000610351562,446.489990234375,30594500,54929200
2024-08-08,205.57606506347656,446.7209167480469,206.88999938964844,448.07000732421875,207.0,448.989990234375,203.1699981689453,437.1499938964844,204.4199981689453,441.05999755859375,26550300,47890100
2024-08-09,205.14878845214844,449.0538330078125,206.4600067138672,450.4100036621094,207.1199951171875,452.05999755859375,204.94000244140625,445.6099853515625,207.0500030517578,446.739990234375,20954500,33574000
2024-08-12,203.3006134033203,450.02093505859375,204.60000610351562,451.3800048828125,206.97999572753906,454.3699951171875,203.82000732421875,448.54998779296875,206.61000061035156,451.3900146484375,20357900,27795000
2024-08-13,206.64920043945312,461.18719482421875,207.97000122070312,462.5799865722656,208.3800048828125,462.8500061035156,204.86000061035156,455.67999267578125,206.08999633789062,455.82000732421875,25458300,40084500
2024-08-14,205.36737060546875,461.3367614746094,206.67999267578125,462.7300109863281,208.75,465.1099853515625,205.74000549316406,458.3999938964844,208.6300048828125,463.510009765625,25345600,34733700
2024-08-15,210.69332885742188,472.9915466308594,212.0399932861328,474.4200134277344,213.10000610351562,474.82000732421875,209.91000366210938,468.3800048828125,211.25999450683594,468.760009765625,42561600,38280600
2024-08-16,211.2498016357422,473.5997009277344,212.60000610351562,475.0299987792969,213.97999572753906,476.4100036621094,211.27999877929688,471.6499938964844,211.3699951171875,472.6199951171875,30427400,38383600
2024-08-19,213.83326721191406,479.8209228515625,215.1999969482422,481.2699890136719,215.2100067138672,481.30999755859375,212.82000732421875,473.3699951171875,212.9600067138672,475.1700134277344,17246200,23737700
2024-08-20,211.33921813964844,478.81396484375,212.69000244140625,480.260009765625,214.9499969482422,482.94000244140625,212.0500030517578,478.54998779296875,214.88999938964844,480.3500061035156,21703900,29209300
2024-08-21,214.0916290283203,481.0472106933594,215.4600067138672,482.5,215.66000366210938,484.3699951171875,212.82000732421875,479.32000732421875,214.27999877929688,481.04998779296875,19623100,25658800
2024-08-22,212.20370483398438,473.4202575683594,213.55999755859375,474.8500061035156,216.3699951171875,485.5400085449219,213.1300048828125,473.80999755859375,215.57000732421875,484.8399963378906,18084300,37739600
2024-08-23,218.98037719726562,478.55474853515625,220.3800048828125,480.0,221.0800018310547,482.739990234375,214.7899932861328,475.2799987792969,215.17999267578125,479.239990234375,40003100,36061500
2024-08-26,219.04994201660156,473.9087829589844,220.4499969482422,475.3399963378906,222.4499969482422,480.3800048828125,220.0800018310547,473.239990234375,221.92999267578125,479.45001220703125,24865500,27452600
2024-08-27,217.35079956054688,475.32452392578125,218.74000549316406,476.760009765625,219.3699951171875,477.8399963378906,217.7100067138672,471.7099914550781,218.91000366210938,473.69000244140625,19577900,27510000
2024-08-28,215.88018798828125,469.9307861328125,217.25999450683594,471.3500061035156,219.1199951171875,477.0199890136719,216.27000427246094,467.8900146484375,217.8699951171875,476.2900085449219,19685000,37372400
2024-08-29,217.42034912109375,469.2428894042969,218.80999755859375,470.6600036621094,220.97999572753906,477.92999267578125,217.14999389648438,469.3699951171875,218.77999877929688,473.2799987792969,24599500,41081500
2024-08-30,218.6822967529297,474.8359680175781,220.0800018310547,476.2699890136719,220.5,476.8999938964844,217.39999389648438,470.510009765625,219.7100067138672,475.0400085449219,23010500,33466500
2024-09-03,211.99502563476562,460.4195251464844,213.35000610351562,461.80999755859375,219.3699951171875,473.3299865722656,212.91000366210938,459.4100036621094,218.1300048828125,473.20001220703125,31338500,44985200
2024-09-04,211.63731384277344,459.2231140136719,212.99000549316406,460.6099853515625,215.3699951171875,464.45001220703125,211.6999969482422,457.7300109863281,212.75999450683594,458.6700134277344,23706300,32505100
2024-09-05,210.58404541015625,459.6518249511719,211.92999267578125,461.0400085449219,214.02999877929688,465.3599853515625,210.9199981689453,457.94000244140625,213.5399932861328,458.9700012207031,23910500,34452400
2024-09-06,206.5796356201172,447.3390197753906,207.89999389648438,448.69000244140625,213.19000244140625,461.2200012207031,207.13999938964844,448.19000244140625,211.92999267578125,460.3299865722656,34561300,50624400
2024-09-09,207.15594482421875,453.09161376953125,208.47999572753906,454.4599914550781,210.25999450683594,455.4599914550781,207.52000427246094,449.82000732421875,208.14999389648438,453.05999755859375,23584100,32981200
2024-09-10,206.98703002929688,457.2790222167969,208.30999755859375,458.6600036621094,208.86000061035156,459.1700134277344,205.7899932861328,452.2300109863281,208.72000122070312,456.239990234375,23025700,29680300
2024-09-11,207.59317016601562,467.208984375,208.9199981689453,468.6199951171875,209.25,469.3699951171875,204.2100067138672,451.2799987792969,207.47000122070312,459.9100036621094,27175600,57843000
2024-09-12,210.26608276367188,471.795166015625,211.61000061035156,473.2200012207031,212.77999877929688,474.0400085449219,208.41000366210938,466.8500061035156,209.91000366210938,468.6499938964844,27658500,40175500
2024-09-13,215.4529266357422,473.9087829589844,216.8300018310547,475.3399963378906,217.25,476.5299987792969,213.94000244140625,472.25,214.02999877929688,472.4800109863281,37388100,29111800
2024-09-16,216.2279815673828,471.8150939941406,217.61000061035156,473.239990234375,218.2899932861328,473.8599853515625,216.13999938964844,469.8900146484375,217.6300048828125,473.19000244140625,23289000,22585600
2024-09-17,218.0165557861328,472.0643615722656,219.41000366210938,473.489990234375,221.8000030517578,477.6000061035156,218.47000122070312,470.9700012207031,219.5800018310547,476.2900085449219,35563500,30084400
2024-09-18,218.05628967285156,470.0205383300781,219.4499969482422,471.44000244140625,224.94000244140625,478.8299865722656,218.25,470.8299865722656,219.22999572753906,474.70001220703125,54085200,39909200
2024-09-19,222.54757690429688,481.9046325683594,223.97000122070312,483.3599853515625,224.67999267578125,486.2300109863281,221.5,480.489990234375,224.66000366210938,482.6099853515625,35369500,52782500
2024-09-20,220.162841796875,480.9873962402344,221.57000732421875,482.44000244140625,223.4600067138672,483.69000244140625,221.2899932861328,478.29998779296875,223.4499969482422,482.489990234375,34587500,34577700
2024-09-23,219.35797119140625,482.2623596191406,220.75999450683594,483.0400085449219,223.11000061035156,484.1400146484375,220.02000427246094,481.6000061035156,222.69000244140625,482.95001220703125,20157700,24843000
2024-09-24,219.72561645507812,484.5885925292969,221.1300048828125,485.3699951171875,221.92999267578125,486.3299865722656,219.5,480.1700134277344,221.6300048828125,484.4599914550781,20939800,25952600
2024-09-25,217.0455780029297,485.0378723144531,217.69000244140625,485.82000732421875,220.61000061035156,487.7900085449219,217.5399932861328,484.55999755859375,220.32000732421875,484.739990234375,23242300,26549900
2024-09-26,218.2021484375,488.6820068359375,218.85000610351562,489.4700012207031,221.1300048828125,493.70001220703125,218.3800048828125,485.79998779296875,220.49000549316406,493.3699951171875,24974700,32020200
2024-09-27,219.67776489257812,485.96636962890625,220.3300018310547,486.75,222.60000610351562,490.6400146484375,219.52999877929688,485.55999755859375,220.86000061035156,490.5,23959600,22851100
2024-09-30,220.23609924316406,487.28424072265625,220.88999938964844,488.07000732421875,221.58999633789062,488.4100036621094,218.5800018310547,482.9200134277344,219.4199981689453,485.7799987792969,21938200,30281100
2024-10-01,217.24497985839844,480.49517822265625,217.88999938964844,481.2699890136719,220.33999633789062,488.0,216.3000030517578,477.3999938964844,220.1699981689453,487.70001220703125,30016000,42735400
2024-10-02,216.9458770751953,481.1741027832031,217.58999633789062,481.95001220703125,218.75,483.8800048828125,216.2100067138672,477.7200012207031,216.99000549316406,480.3599853515625,14455400,23744000
2024-10-03,215.49020385742188,480.8146667480469,216.1300048828125,481.5899963378906,217.22999572753906,484.54998779296875,215.0800018310547,478.989990234375,216.22999572753906,479.739990234375,21353000,25337200
2024-10-04,218.50125122070312,486.53546142578125,219.14999389648438,487.32000732421875,219.97999572753906,487.8800048828125,217.2899932861328,482.3900146484375,219.2899932861328,487.45001220703125,27901500,30686600
2024-10-07,216.78634643554688,481.3238525390625,217.42999267578125,482.1000061035156,218.66000366210938,486.57000732421875,215.8699951171875,480.8699951171875,218.63999938964844,485.3900146484375,14891800,24975100
2024-10-08,216.9359130859375,488.51226806640625,217.5800018310547,489.29998779296875,218.3699951171875,489.989990234375,216.6999969482422,483.8500061035156,217.6300048828125,484.6600036621094,18118600,28272000
2024-10-09,217.41448974609375,492.3560485839844,218.05999755859375,493.1499938964844,219.61000061035156,493.7300109863281,216.9199981689453,487.95001220703125,217.52999877929688,489.0,18230700,24995000
2024-10-10,216.20806884765625,491.7969665527344,216.85000610351562,492.5899963378906,216.8800048828125,494.4700012207031,214.60000610351562,489.5299987792969,215.89999389648438,490.8500061035156,24571400,25750400
2024-10-11,220.60501098632812,492.5657043457031,221.25999450683594,493.3599853515625,221.61000061035156,494.3900146484375,216.7100067138672,490.1700134277344,216.77000427246094,490.739990234375,19950900,20644500
2024-10-14,222.2301788330078,496.6990661621094,222.88999938964844,497.5,223.11000061035156,498.8299865722656,220.42999267578125,495.260009765625,221.4499969482422,495.7699890136719,19263300,26060100
2024-10-15,222.40966796875,490.0597839355469,223.07000732421875,490.8500061035156,225.5,498.5,221.97999572753906,488.67999267578125,222.57000732421875,497.8299865722656,25998800,34784500
2024-10-16,226.0688018798828,490.11968994140625,226.74000549316406,490.9100036621094,227.1699981689453,491.69000244140625,224.38999938964844,487.57000732421875,224.88999938964844,491.17999267578125,27656700,22996800
2024-10-17,225.45062255859375,490.4591369628906,226.1199951171875,491.25,226.9600067138672,496.489990234375,224.91000366210938,491.19000244140625,226.91000366210938,496.44000244140625,18003600,27210700
2024-10-18,224.9820098876953,493.6739501953125,225.64999389648438,494.4700012207031,227.02999877929688,495.57000732421875,225.38999938964844,493.29998779296875,226.66000366210938,494.05999755859375,20047400,25335000
2024-10-21,221.44253540039062,494.6224365234375,222.10000610351562,495.4200134277344,225.69000244140625,496.2300109863281,221.52999877929688,491.30999755859375,225.6300048828125,493.25,24243800,30336500
2024-10-22,220.60501098632812,495.1615295410156,221.25999450683594,495.9599914550781,221.8300018310547,497.45001220703125,220.3000030517578,491.9700012207031,221.47000122070312,492.7300109863281,15813900,26685800
2024-10-23,218.59100341796875,487.5737609863281,219.24000549316406,488.3599853515625,220.8000030517578,494.25,217.3699951171875,485.04998779296875,220.02999877929688,493.5899963378906,23263500,39346600
2024-10-24,219.06956481933594,491.52740478515625,219.72000122070312,492.32000732421875,221.0399932861328,493.0,218.52999877929688,489.44000244140625,220.42999267578125,492.1099853515625,18381900,22024900
2024-10-25,218.2420196533203,494.5225830078125,218.88999938964844,495.32000732421875,221.97000122070312,500.2799987792969,218.52000427246094,494.42999267578125,221.30999755859375,495.1400146484375,23807800,38762100
2024-10-28,221.8014678955078,494.6024475097656,222.4600067138672,495.3999938964844,222.97000122070312,498.5199890136719,220.47999572753906,495.1000061035156,220.7899932861328,498.4599914550781,19877700,20477800
2024-10-29,221.08360290527344,499.35479736328125,221.74000549316406,500.1600036621094,221.89999389648438,501.3500061035156,219.97000122070312,493.8500061035156,220.74000549316406,495.7200012207031,20282200,28014100
2024-10-30,220.78448486328125,495.58087158203125,221.44000244140625,496.3800048828125,224.47999572753906,500.3500061035156,220.89999389648438,495.8900146484375,221.07000732421875,499.3900146484375,19754800,29756000
2024-10-31,217.11537170410156,483.071044921875,217.75999450683594,483.8500061035156,221.77000427246094,492.42999267578125,217.6300048828125,483.75,221.22000122070312,492.3800048828125,24078400,41245200
2024-11-01,218.33175659179688,486.645263671875,218.97999572753906,487.42999267578125,220.97000122070312,490.75,218.33999633789062,485.20001220703125,219.5,485.5,21222200,33655800
2024-11-04,219.4384765625,485.2275695800781,220.08999633789062,486.010009765625,221.74000549316406,489.3800048828125,217.83999633789062,484.25,218.5,486.82000732421875,20463700,23291600
2024-11-05,223.56622314453125,491.4175720214844,224.22999572753906,492.2099914550781,224.2899932861328,492.8800048828125,219.05999755859375,487.5199890136719,219.33999633789062,487.6099853515625,26404600,24353600
2024-11-06,236.51776123046875,504.76605224609375,237.22000122070312,505.5799865722656,237.5800018310547,506.4100036621094,232.75,499.6000061035156,236.58999633789062,500.55999755859375,75554600,43082200
2024-11-07,235.6802520751953,512.7131958007812,236.3800048828125,513.5399780273438,238.49000549316406,514.3300170898438,235.39999389648438,508.3399963378906,236.88999938964844,508.3999938964844,34970300,32853100
2024-11-08,237.41510009765625,513.3123168945312,238.1199951171875,514.1400146484375,238.47000122070312,514.9199829101562,235.64999389648438,512.4099731445312,235.92999267578125,513.0399780273438,26597800,22924500
2024-11-11,240.9844970703125,513.0127563476562,241.6999969482422,513.8400268554688,242.38999938964844,515.5800170898438,239.85000610351562,510.9200134277344,240.52000427246094,515.3699951171875,29207700,24167500
2024-11-12,236.75706481933594,512.084228515625,237.4600067138672,512.9099731445312,241.7899932861328,514.6599731445312,236.55999755859375,509.8299865722656,239.9600067138672,513.77001953125,35314300,25835300
2024-11-13,234.4140167236328,511.4253234863281,235.11000061035156,512.25,239.8800048828125,514.97998046875,234.8300018310547,509.95001220703125,238.9499969482422,512.4000244140625,25947700,24567400
2024-11-14,231.25340270996094,507.8710632324219,231.94000244140625,508.69000244140625,236.42999267578125,512.7899780273438,231.2100067138672,507.7699890136719,235.9499969482422,511.9100036621094,29272100,28679500
2024-11-15,227.8036346435547,495.77056884765625,228.47999572753906,496.57000732421875,232.2899932861328,503.3299865722656,227.80999755859375,494.489990234375,232.22000122070312,502.94000244140625,37930000,51461100
2024-11-18,228.25230407714844,499.2149963378906,228.92999267578125,500.0199890136719,230.60000610351562,502.1400146484375,228.1300048828125,496.7300109863281,229.22000122070312,498.1300048828125,29398800,27192700
2024-11-19,229.94728088378906,502.64947509765625,230.6300048828125,503.4599914550781,230.82000732421875,503.95001220703125,226.39999389648438,497.0799865722656,226.58999633789062,497.4200134277344,26009400,24523000
2024-11-20,230.2463836669922,502.3599548339844,230.92999267578125,503.1700134277344,230.92999267578125,503.4800109863281,228.0399932861328,496.55999755859375,230.22999572753906,503.1600036621094,24222700,29565500
2024-11-21,233.74600219726562,504.1670227050781,234.44000244140625,504.9800109863281,235.57000732421875,506.9599914550781,231.11000061035156,497.55999755859375,232.16000366210938,506.239990234375,28679400,34526700
2024-11-22,238.0631866455078,504.9757385253906,238.77000427246094,505.7900085449219,239.24000549316406,506.5299987792969,235.3300018310547,502.7799987792969,235.63999938964844,504.4200134277344,22693100,23826600
2024-11-25,241.6824188232422,505.7744140625,242.39999389648438,506.5899963378906,244.97999572753906,511.45001220703125,241.38999938964844,504.260009765625,241.49000549316406,509.8999938964844,33534000,26375200
2024-11-26,239.90769958496094,508.49005126953125,240.6199951171875,509.30999755859375,241.61000061035156,510.1400146484375,239.42999267578125,507.2300109863281,241.17999267578125,508.0799865722656,22581400,26557100
2024-11-27,240.23672485351562,504.4864807128906,240.9499969482422,505.29998779296875,243.69000244140625,508.239990234375,240.44000244140625,501.92999267578125,242.00999450683594,508.1700134277344,19472800,24957400
2024-11-29,241.15399169921875,508.9193420410156,241.8699951171875,509.739990234375,243.47999572753906,510.3399963378906,241.5399932861328,505.30999755859375,242.3699951171875,505.92999267578125,16782700,15334000
2024-12-02,241.03436279296875,514.4603881835938,241.75,515.2899780273438,242.66000366210938,516.260009765625,240.00999450683594,510.6199951171875,242.24000549316406,511.010009765625,25274800,25147200
2024-12-03,239.31944274902344,516.0379028320312,240.02999877929688,516.8699951171875,242.13999938964844,517.1500244140625,239.3699951171875,513.3699951171875,241.5399932861328,513.9500122070312,21376700,18597900
2024-12-04,240.17689514160156,522.4176025390625,240.88999938964844,523.260009765625,241.6699981689453,523.52001953125,239.2100067138672,519.5999755859375,240.27999877929688,520.3200073242188,19903000,26086200
2024-12-05,237.37522888183594,520.9699096679688,238.0800018310547,521.8099975585938,240.86000061035156,524.0399780273438,237.74000549316406,521.4199829101562,240.52000427246094,523.3099975585938,20227000,18169600
2024-12-06,238.2227020263672,525.6323852539062,238.92999267578125,526.47998046875,239.88999938964844,526.719970703125,238.3800048828125,522.3499755859375,239.7899932861328,522.47998046875,20760900,23762600
2024-12-09,237.0262451171875,521.5390014648438,237.72999572753906,522.3800048828125,241.3800048828125,526.3499755859375,237.64999389648438,521.219970703125,240.5500030517578,525.5499877929688,16684300,20674400
2024-12-10,235.99929809570312,519.7618408203125,236.6999969482422,520.5999755859375,238.82000732421875,525.3800048828125,235.9199981689453,519.1599731445312,237.5800018310547,523.6199951171875,19946500,24350000
2024-12-11,237.06614685058594,529.0668334960938,237.77000427246094,529.9199829101562,239.2899932861328,530.6099853515625,236.8300018310547,524.5900268554688,238.7100067138672,525.0,23156900,32168600
2024-12-12,233.9852752685547,525.6524047851562,234.67999267578125,526.5,237.64999389648438,528.9600219726562,234.35000610351562,526.02001953125,237.16000366210938,527.6799926757812,21454500,23577500
2024-12-13,232.38006591796875,529.6759033203125,233.07000732421875,530.530029296875,234.86000061035156,533.1699829101562,231.8800048828125,527.2999877929688,234.3699951171875,530.4600219726562,23972900,28780400
2024-12-16,233.74600219726562,537.3035888671875,234.44000244140625,538.1699829101562,235.6300048828125,539.1500244140625,232.35000610351562,533.0,232.91000366210938,533.0800170898438,32293500,31979900
2024-12-17,231.07000732421875,534.9373779296875,231.07000732421875,535.7999877929688,233.44000244140625,537.47998046875,230.5500030517578,534.1300048828125,232.6699981689453,536.3599853515625,33064300,28579100
2024-12-18,220.83999633789062,515.6384887695312,220.83999633789062,516.469970703125,233.0800018310547,536.8800048828125,218.9199981689453,515.010009765625,232.24000549316406,535.1500244140625,52267500,54703200
2024-12-19,219.86000061035156,513.3422241210938,219.86000061035156,514.1699829101562,224.42999267578125,521.760009765625,219.3300018310547,513.8300170898438,223.25,521.1900024414062,51871700,46441800
2024-12-20,221.9199981689453,517.824951171875,221.9199981689453,518.6599731445312,224.66000366210938,524.8200073242188,218.07000732421875,509.2900085449219,218.60000610351562,510.44000244140625,53882200,60530000
2024-12-23,221.41000366210938,522.8699951171875,221.41000366210938,522.8699951171875,222.39999389648438,523.25,219.3800048828125,516.1300048828125,221.74000549316406,519.5499877929688,29606800,29672800
2024-12-24,223.38999938964844,529.9600219726562,223.38999938964844,529.9600219726562,223.6300048828125,530.0499877929688,220.47999572753906,524.1900024414062,222.02000427246094,524.8300170898438,13399600,17558200
2024-12-26,225.67999267578125,529.5999755859375,225.67999267578125,529.5999755859375,226.13999938964844,531.239990234375,221.47000122070312,526.3099975585938,222.4199981689453,528.3200073242188,20024800,19090500
2024-12-27,222.38999938964844,522.5599975585938,222.38999938964844,522.5599975585938,225.44000244140625,526.4500122070312,220.1999969482422,517.8599853515625,224.2899932861328,526.010009765625,26956000,33839600
2024-12-30,220.67999267578125,515.6099853515625,220.67999267578125,515.6099853515625,221.80999755859375,519.3599853515625,217.85000610351562,511.8299865722656,220.6699981689453,515.510009765625,25706100,34584000
2024-12-31,220.9600067138672,511.2300109863281,220.9600067138672,511.2300109863281,223.27999877929688,517.6599731445312,220.14999389648438,510.260009765625,222.1199951171875,516.9000244140625,26208300,29117000
2025-01-02,221.13999938964844,510.2300109863281,221.13999938964844,510.2300109863281,224.3699951171875,516.6400146484375,219.60000610351562,505.7099914550781,222.92999267578125,514.2999877929688,29363000,36389800
2025-01-03,224.42999267578125,518.5800170898438,224.42999267578125,518.5800170898438,224.82000732421875,519.6500244140625,221.3800048828125,512.530029296875,222.07000732421875,513.3499755859375,24525300,29059500
2025-01-06,224.52000427246094,524.5399780273438,224.52000427246094,524.5399780273438,227.1699981689453,527.9199829101562,224.13999938964844,522.030029296875,225.75999450683594,524.02001953125,23541900,36109700
2025-01-07,222.72000122070312,515.1799926757812,222.72000122070312,515.1799926757812,226.52000427246094,525.989990234375,221.3800048828125,513.280029296875,225.5800018310547,525.5900268554688,28835200,36690300
2025-01-08,221.7100067138672,515.27001953125,221.7100067138672,515.27001953125,222.30999755859375,516.9199829101562,219.00999450683594,510.57000732421875,220.89999389648438,515.0800170898438,26795900,30777800
2025-01-10,216.8300018310547,507.19000244140625,216.8300018310547,507.19000244140625,218.7100067138672,511.5799865722656,215.30999755859375,503.9200134277344,218.30999755859375,511.4800109863281,37379400,40532500
2025-01-13,217.25,505.55999755859375,217.25,505.55999755859375,217.52000427246094,506.0199890136719,213.97000122070312,499.70001220703125,214.5,501.20001220703125,28603800,31694200
2025-01-14,219.72000122070312,505.0799865722656,219.72000122070312,505.0799865722656,220.22999572753906,510.1600036621094,217.22000122070312,501.5899963378906,219.17999267578125,508.739990234375,25447500,33737200
2025-01-15,224.0399932861328,516.7000122070312,224.0399932861328,516.7000122070312,225.5800018310547,517.8499755859375,223.0,511.4599914550781,225.44000244140625,513.030029296875,30124700,34957600
2025-01-16,224.49000549316406,513.0800170898438,224.49000549316406,513.0800170898438,225.22999572753906,519.0599975585938,222.7100067138672,512.9500122070312,224.14999389648438,518.97998046875,21029800,28229000
2025-01-17,225.4600067138672,521.739990234375,225.4600067138672,521.739990234375,226.97000122070312,524.0700073242188,224.6699981689453,513.1099853515625,226.92999267578125,522.8499755859375,26754900,51837900
2025-01-21,229.7899932861328,524.7999877929688,229.7899932861328,524.7999877929688,229.88999938964844,525.969970703125,226.99000549316406,520.0599975585938,227.52000427246094,524.47998046875,26086300,23628000
2025-01-22,228.2899932861328,531.510009765625,228.2899932861328,531.510009765625,229.85000610351562,533.8200073242188,227.8300018310547,529.260009765625,229.35000610351562,529.5700073242188,21307300,33593000
2025-01-23,229.3300018310547,532.6400146484375,229.3300018310547,532.6400146484375,229.35000610351562,532.760009765625,226.5500030517578,528.4500122070312,226.92999267578125,529.0399780273438,20850700,23096600
2025-01-24,228.69000244140625,529.6300048828125,228.69000244140625,529.6300048828125,230.22999572753906,533.7899780273438,228.0399932861328,528.1500244140625,228.82000732421875,533.02001953125,19074500,19878300
2025-01-27,226.5,514.2100219726562,226.5,514.2100219726562,229.6199951171875,517.989990234375,225.2100067138672,510.1499938964844,226.7100067138672,511.0,27461700,60771700
2025-01-28,226.75,521.8099975585938,226.75,521.8099975585938,227.55999755859375,523.0,225.17999267578125,511.7799987792969,226.74000549316406,515.219970703125,16847400,33194200
2025-01-29,226.22999572753906,520.8300170898438,226.22999572753906,520.8300170898438,228.22000122070312,522.5900268554688,224.5800018310547,516.9000244140625,226.67999267578125,522.4600219726562,20280500,26649000
2025-01-30,228.52999877929688,523.0499877929688,228.52999877929688,523.0499877929688,230.0500030517578,526.0999755859375,226.9199981689453,518.2100219726562,228.52000427246094,523.7100219726562,25575100,27431300
2025-01-31,226.47999572753906,522.2899780273438,226.47999572753906,522.2899780273438,230.32000732421875,531.52001953125,225.5399932861328,521.1900024414062,228.75,526.9199829101562,35348800,38845500
